-- phpMyAdmin SQL Dump
-- version 4.8.3
-- https://www.phpmyadmin.net/
--
-- Host: 127.0.0.1
-- Waktu pembuatan: 24 Nov 2018 pada 10.35
-- Versi server: 10.1.35-MariaDB
-- Versi PHP: 7.2.9

SET SQL_MODE = "NO_AUTO_VALUE_ON_ZERO";
SET AUTOCOMMIT = 0;
START TRANSACTION;
SET time_zone = "+00:00";


/*!40101 SET @OLD_CHARACTER_SET_CLIENT=@@CHARACTER_SET_CLIENT */;
/*!40101 SET @OLD_CHARACTER_SET_RESULTS=@@CHARACTER_SET_RESULTS */;
/*!40101 SET @OLD_COLLATION_CONNECTION=@@COLLATION_CONNECTION */;
/*!40101 SET NAMES utf8mb4 */;

--
-- Database: `chameleon`
--

-- --------------------------------------------------------

--
-- Struktur dari tabel `css_quest`
--

CREATE TABLE `css_quest` (
  `id_quest` int(25) NOT NULL,
  `quest` longtext NOT NULL,
  `answer` longtext NOT NULL,
  `result` longtext NOT NULL,
  `creator` varchar(25) NOT NULL
) ENGINE=InnoDB DEFAULT CHARSET=latin1;

--
-- Dumping data untuk tabel `css_quest`
--

INSERT INTO `css_quest` (`id_quest`, `quest`, `answer`, `result`, `creator`) VALUES
(1, '<div class=\'q-learn\'>CSS</div><div class=\'q-title\'>Membuat CSS WARNA</div><div class=\'q-regular\'>&nbsp;Menampilkan output h1 berwarna orange.</div>', '<div><div>&lt;!DOCTYPE html&gt;</div><div>&lt;html&gt;</div><div>&lt;head&gt;</div><div><br></div><div>&lt;/head&gt;</div><div>&lt;body&gt;</div><div><br></div><div>&lt;h1 style=\'<input class=\'anwer-input-user answer0\' data-answer=\'color\' maxlength=\'5\' size=\'5\'>:<input class=\'anwer-input-user answer1\' data-answer=\'orange;\' maxlength=\'7\' size=\'7\'>\'&gt;This is a heading&lt;/h1&gt;</div><div><br></div><div>&lt;/body&gt;</div><div>&lt;/html&gt;</div></div><div><br></div><div><input type=\'hidden\' class=\'count-input\' value=\'2\'></div><script type=\'text/javascript\'>\r\n	$(\'.ab-show\').on(\'click\', function(){\r\n		check = $(\'.anwer-input-user\').val();\r\n		if (check == \'\') {\r\n			$(\'.anwer-input-user\').each(function(){\r\n				answer = $(this).attr(\'data-answer\');\r\n				$(this).val(answer);\r\n			});\r\n		} else {\r\n			$(\'.anwer-input-user\').each(function(){\r\n				$(this).val(\'\');\r\n			});\r\n		}\r\n	});\r\n</script>', '<!DOCTYPE html> <html> <head>  </head> <body> 	<h1 style=\"color: orange\">Ini adalah heading</h1> </body> </html>', 'yandy6man'),
(2, '<div class=\'q-learn\'>CSS</div><div class=\'q-title\'>Membuat CSS WARNA</div><div class=\'q-regular\'>&nbsp;Menampilkan background berwarna hijau.</div>', '<div><div>&lt;!DOCTYPE html&gt;</div><div>&lt;html&gt;</div><div>&lt;head&gt;</div><div><br></div><div>&lt;/head&gt;</div><div>&lt;body&gt;</div><div><br></div><div>&lt;h1 style=\'<input class=\'anwer-input-user answer0\' data-answer=\'background-color\' maxlength=\'16\' size=\'16\'>:<input class=\'anwer-input-user answer1\' data-answer=\'green;\' maxlength=\'6\' size=\'6\'>\'&gt;Menampilkan background hijau&lt;/h1&gt;</div><div><br></div><div>&lt;/body&gt;</div><div>&lt;/html&gt;</div></div><div><br></div><div><input type=\'hidden\' class=\'count-input\' value=\'2\'></div><script type=\'text/javascript\'>\r\n	$(\'.ab-show\').on(\'click\', function(){\r\n		check = $(\'.anwer-input-user\').val();\r\n		if (check == \'\') {\r\n			$(\'.anwer-input-user\').each(function(){\r\n				answer = $(this).attr(\'data-answer\');\r\n				$(this).val(answer);\r\n			});\r\n		} else {\r\n			$(\'.anwer-input-user\').each(function(){\r\n				$(this).val(\'\');\r\n			});\r\n		}\r\n	});\r\n</script>', '<!DOCTYPE html> <html> <head>  </head> <body> 	<h1 style=\"background-color: green;\">Menampilkan background hijau</h1> </body> </html>', 'yandy6man'),
(3, '<div class=\'q-learn\'>CSS</div><div class=\'q-title\'>Membuat CSS BORDER</div><div class=\'q-regular\'>&nbsp;Menampilkan border-width.</div><div class=\'q-regular\'>Border-Width untuk menentukan lebar empat perbatasan (batas atas,batas kanan,batas bawah,batas kiri) dan border-color red yaitu untuk menampilkan berwarna merah pada border.</div>', '<div><div>&lt;!DOCTYPE html&gt;</div><div>&lt;html&gt;</div><div>&lt;head&gt;</div><div><br></div><div>&lt;/head&gt;</div><div>&lt;body&gt;</div><div><br></div><div>&lt;h1 style=\'<input class=\'anwer-input-user answer0\' data-answer=\'border-style: solid;\' maxlength=\'20\' size=\'20\'> <input class=\'anwer-input-user answer1\' data-answer=\'border-width: 5px;\' maxlength=\'18\' size=\'18\'> <input class=\'anwer-input-user answer2\' data-answer=\'border-color: red;\' maxlength=\'18\' size=\'18\'>\'&gt;Ini Border Berwarna Merah&lt;/h1&gt;</div><div><br></div><div>&lt;/body&gt;</div><div>&lt;/html&gt;</div></div><div><br></div><div><input type=\'hidden\' class=\'count-input\' value=\'3\'></div><script type=\'text/javascript\'>\r\n	$(\'.ab-show\').on(\'click\', function(){\r\n		check = $(\'.anwer-input-user\').val();\r\n		if (check == \'\') {\r\n			$(\'.anwer-input-user\').each(function(){\r\n				answer = $(this).attr(\'data-answer\');\r\n				$(this).val(answer);\r\n			});\r\n		} else {\r\n			$(\'.anwer-input-user\').each(function(){\r\n				$(this).val(\'\');\r\n			});\r\n		}\r\n	});\r\n</script>', '<!DOCTYPE html> <html> <head>  </head> <body> 	<h1 style=\"border-style: solid; border-width: 5px; border-color: red;\">Ini border berwarna merah</h1> </body> </html>', 'yandy6man'),
(4, '<div class=\'q-learn\'>CSS</div><div class=\'q-title\'>Membuat CSS BORDER</div><div class=\'q-regular\'>&nbsp;Menampilkan border-style.</div><div class=\'q-regular\'>Border-Style Dotted untuk menampilkan border berbentuk titik-titik dan lebar border 2px.&nbsp;</div>', '<div><div>&lt;!DOCTYPE html&gt;</div><div>&lt;html&gt;</div><div>&lt;head&gt;</div><div><br></div><div>&lt;/head&gt;</div><div>&lt;body&gt;</div><div><br></div><div>&lt;h1 style=\'<input class=\'anwer-input-user answer0\' data-answer=\'border-style: dotted;\' maxlength=\'21\' size=\'21\'> <input class=\'anwer-input-user answer1\' data-answer=\'border-width: 2px;\' maxlength=\'18\' size=\'18\'>\'&gt;Ini Border Bertype Dotted&lt;/h1&gt;</div><div><br></div><div>&lt;/body&gt;</div><div>&lt;/html&gt;</div></div><div><br></div><div><input type=\'hidden\' class=\'count-input\' value=\'2\'></div><script type=\'text/javascript\'>\r\n	$(\'.ab-show\').on(\'click\', function(){\r\n		check = $(\'.anwer-input-user\').val();\r\n		if (check == \'\') {\r\n			$(\'.anwer-input-user\').each(function(){\r\n				answer = $(this).attr(\'data-answer\');\r\n				$(this).val(answer);\r\n			});\r\n		} else {\r\n			$(\'.anwer-input-user\').each(function(){\r\n				$(this).val(\'\');\r\n			});\r\n		}\r\n	});\r\n</script>', '<!DOCTYPE html> <html> <head>  </head> <body> 	<h1 style=\"border-style: dotted; border-width: 2px;\">Ini Border Bertype Dotted</h1> </body> </html>', 'yandy6man'),
(5, '<div class=\'q-learn\'>CSS</div><div class=\'q-title\'>Membuat CSS BORDER</div><div class=\'q-regular\'>&nbsp;Menampilkan border.</div><div class=\'q-regular\'>Properti ini adalah properti singkat untuk lebar pembatas, gaya batas, dan warna batas.<br></div>', '<div><div>&lt;!DOCTYPE html&gt;</div><div>&lt;html&gt;</div><div>&lt;head&gt;</div><div><br></div><div>&lt;/head&gt;</div><div>&lt;body&gt;</div><div><br></div><div>&lt;h1 style=\'<input class=\'anwer-input-user answer0\' data-answer=\'border: 5px solid red;\' maxlength=\'22\' size=\'22\'>\'&gt;Ini menampilkan border dengan singkat&lt;/h1&gt;</div><div><br></div><div>&lt;/body&gt;</div><div>&lt;/html&gt;</div></div><div><br></div><div><input type=\'hidden\' class=\'count-input\' value=\'1\'></div><script type=\'text/javascript\'>\r\n	$(\'.ab-show\').on(\'click\', function(){\r\n		check = $(\'.anwer-input-user\').val();\r\n		if (check == \'\') {\r\n			$(\'.anwer-input-user\').each(function(){\r\n				answer = $(this).attr(\'data-answer\');\r\n				$(this).val(answer);\r\n			});\r\n		} else {\r\n			$(\'.anwer-input-user\').each(function(){\r\n				$(this).val(\'\');\r\n			});\r\n		}\r\n	});\r\n</script>', '<!DOCTYPE html> <html> <head>  </head> <body> 	<h1 style=\"border: 5px solid red;\">Ini menggunakan properti border dengan shorthand</h1> </body> </html>', 'yandy6man'),
(6, '<div class=\'q-learn\'>CSS</div><div class=\'q-title\'>Membuat CSS BORDER</div><div class=\'q-regular\'>&nbsp;Menampilkan border radius.</div><div class=\'q-regular\'>Properti ini digunakan untuk menambahkan batas membulat ke elemen atau border.<br></div>', '<div><div>&lt;!DOCTYPE html&gt;</div><div>&lt;html&gt;</div><div>&lt;head&gt;</div><div><br></div><div>&lt;/head&gt;</div><div>&lt;body&gt;</div><div><br></div><div>&lt;h1 style=\'<input class=\'anwer-input-user answer0\' data-answer=\'border: 5px solid red;\' maxlength=\'22\' size=\'22\'> <input class=\'anwer-input-user answer1\' data-answer=\'border-radius: 5px;\' maxlength=\'19\' size=\'19\'>\'&gt;Ini menampilkan border radius berwarna merah&lt;/h1&gt;</div><div><br></div><div>&lt;/body&gt;</div><div>&lt;/html&gt;</div></div><div><br></div><div><input type=\'hidden\' class=\'count-input\' value=\'2\'></div><script type=\'text/javascript\'>\r\n	$(\'.ab-show\').on(\'click\', function(){\r\n		check = $(\'.anwer-input-user\').val();\r\n		if (check == \'\') {\r\n			$(\'.anwer-input-user\').each(function(){\r\n				answer = $(this).attr(\'data-answer\');\r\n				$(this).val(answer);\r\n			});\r\n		} else {\r\n			$(\'.anwer-input-user\').each(function(){\r\n				$(this).val(\'\');\r\n			});\r\n		}\r\n	});\r\n</script>', '<!DOCTYPE html> <html> <head>  </head> <body> 	<h1 style=\"border: 5px solid red; border-radius: 5px;\">Ini menampilkan border radius berwarna merah</h1> </body> </html>', 'yandy6man'),
(7, '<div class=\'q-learn\'>CSS</div><div class=\'q-title\'>Membuat CSS MARGIN</div><div class=\'q-regular\'>&nbsp;Menampilkan margin.</div><div class=\'q-regular\'>Anda dapat mengatur properti margin ke otomatis untuk secara horizontal memusatkan elemen di dalam penampungnya. Elemen tersebut kemudian akan mengambil lebar yang ditentukan, dan ruang yang tersisa akan dibagi rata antara margin kiri dan kanan.<br></div>', '<div><div>&lt;!DOCTYPE html&gt;</div><div>&lt;html&gt;</div><div>&lt;head&gt;</div><div><br></div><div>&lt;/head&gt;</div><div>&lt;body&gt;</div><div><br></div><div>&lt;h1 style=\'<input class=\'anwer-input-user answer0\' data-answer=\'width:300px;\' maxlength=\'12\' size=\'12\'> <input class=\'anwer-input-user answer1\' data-answer=\'margin: auto;\' maxlength=\'13\' size=\'13\'> <input class=\'anwer-input-user answer2\' data-answer=\'border: 1px solid red;\' maxlength=\'22\' size=\'22\'>\'&gt;Hai gan ...&lt;/h1&gt;</div><div><br></div><div>&lt;/body&gt;</div><div>&lt;/html&gt;</div></div><div><br></div><div><input type=\'hidden\' class=\'count-input\' value=\'3\'></div><script type=\'text/javascript\'>\r\n	$(\'.ab-show\').on(\'click\', function(){\r\n		check = $(\'.anwer-input-user\').val();\r\n		if (check == \'\') {\r\n			$(\'.anwer-input-user\').each(function(){\r\n				answer = $(this).attr(\'data-answer\');\r\n				$(this).val(answer);\r\n			});\r\n		} else {\r\n			$(\'.anwer-input-user\').each(function(){\r\n				$(this).val(\'\');\r\n			});\r\n		}\r\n	});\r\n</script>', '<!DOCTYPE html> <html> <head>  </head> <body> 	<h1 style=\"width: 300px; margin: auto; border: 1px solid red;\">Hai gan ...</h1> </body> </html>', 'yandy6man'),
(8, '<div class=\'q-learn\'>CSS</div><div class=\'q-title\'>Membuat CSS PADDING</div><div class=\'q-regular\'>&nbsp;Menampilkan padding</div><div class=\'q-regular\'>Menampilkan properti untuk pengaturan padding untuk setiap sisi elemen (atas, kanan, bawah, dan kiri).</div><div class=\'q-regular\'>padding atas : 25px;</div><div class=\'q-regular\'>padding kanan : 50px;</div><div class=\'q-regular\'>padding bawah : 75px;</div><div class=\'q-regular\'>padding kiri : 100px;</div>', '<div><div>&lt;!DOCTYPE html&gt;</div><div>&lt;html&gt;</div><div>&lt;head&gt;</div><div><br></div><div>&lt;/head&gt;</div><div>&lt;body&gt;</div><div><br></div><div>&lt;h1 style=\'border: 1px solid black; <input class=\'anwer-input-user answer0\' data-answer=\'padding: 25px 50px 75px 100px;\' maxlength=\'30\' size=\'30\'> background-color: lightblue;&gt;Menampilkan padding&lt;/h1&gt;</div><div><br></div><div>&lt;/body&gt;</div><div>&lt;/html&gt;</div></div><div><br></div><div><input type=\'hidden\' class=\'count-input\' value=\'3\'></div><script type=\'text/javascript\'>\r\n	$(\'.ab-show\').on(\'click\', function(){\r\n		check = $(\'.anwer-input-user\').val();\r\n		if (check == \'\') {\r\n			$(\'.anwer-input-user\').each(function(){\r\n				answer = $(this).attr(\'data-answer\');\r\n				$(this).val(answer);\r\n			});\r\n		} else {\r\n			$(\'.anwer-input-user\').each(function(){\r\n				$(this).val(\'\');\r\n			});\r\n		}\r\n	});\r\n</script>', '<!DOCTYPE html> <html> <head>  </head> <body> 	<h1 style=\"border: 1px solid black; padding: 25px 50px 75px 100px; background-color: lightblue;\">Menampilkan padding</h1> </body> </html>', 'yandy6man'),
(9, '<div class=\'q-learn\'>CSS</div><div class=\'q-title\'>Membuat CSS PADDING</div><div class=\'q-regular\'>&nbsp;Menampilkan padding atas.</div><div class=\'q-regular\'>Menampilkan properti untuk pengaturan padding atas.&nbsp;</div>', '<div><div>&lt;!DOCTYPE html&gt;</div><div>&lt;html&gt;</div><div>&lt;head&gt;</div><div><br></div><div>&lt;/head&gt;</div><div>&lt;body&gt;</div><div><br></div><div>&lt;h1 style=\'<input class=\'anwer-input-user answer0\' data-answer=\'padding-top: 25%;\' maxlength=\'17\' size=\'17\'>\'&gt;Menampilkan padding atas&lt;/h1&gt;</div><div><br></div><div>&lt;/body&gt;</div><div>&lt;/html&gt;</div></div><div><br></div><div><input type=\'hidden\' class=\'count-input\' value=\'1\'></div><script type=\'text/javascript\'>\r\n	$(\'.ab-show\').on(\'click\', function(){\r\n		check = $(\'.anwer-input-user\').val();\r\n		if (check == \'\') {\r\n			$(\'.anwer-input-user\').each(function(){\r\n				answer = $(this).attr(\'data-answer\');\r\n				$(this).val(answer);\r\n			});\r\n		} else {\r\n			$(\'.anwer-input-user\').each(function(){\r\n				$(this).val(\'\');\r\n			});\r\n		}\r\n	});\r\n</script>', '<!DOCTYPE html> <html> <head>  </head> <body> 	<h1 style=\" padding-top: 25%;\">Menambahkan padding atas</h1> </body> </html>', 'yandy6man'),
(10, '<div class=\'q-learn\'>CSS</div><div class=\'q-title\'>Membuat CSS PADDING</div><div class=\'q-regular\'>&nbsp;Menampilkan padding kanan.</div><div class=\'q-regular\'>Menampilkan properti untuk pengaturan padding kanan.&nbsp;</div>', '<div><div>&lt;!DOCTYPE html&gt;</div><div>&lt;html&gt;</div><div>&lt;head&gt;</div><div><br></div><div>&lt;/head&gt;</div><div>&lt;body&gt;</div><div><br></div><div>&lt;h1 style=\'<input class=\'anwer-input-user answer0\' data-answer=\'padding-right: 25%;\' maxlength=\'19\' size=\'19\'>\'&gt;Menampilkan padding kanan&lt;/h1&gt;</div><div><br></div><div>&lt;/body&gt;</div><div>&lt;/html&gt;</div></div><div><br></div><div><input type=\'hidden\' class=\'count-input\' value=\'1\'></div><script type=\'text/javascript\'>\r\n	$(\'.ab-show\').on(\'click\', function(){\r\n		check = $(\'.anwer-input-user\').val();\r\n		if (check == \'\') {\r\n			$(\'.anwer-input-user\').each(function(){\r\n				answer = $(this).attr(\'data-answer\');\r\n				$(this).val(answer);\r\n			});\r\n		} else {\r\n			$(\'.anwer-input-user\').each(function(){\r\n				$(this).val(\'\');\r\n			});\r\n		}\r\n	});\r\n</script>', '<!DOCTYPE html> <html> <head>  </head> <body> 	<h1 style=\" padding-right: 25%;\">Menampilkan padding kanan</h1> </body> </html>', 'yandy6man'),
(11, '<div class=\'q-learn\'>CSS</div><div class=\'q-title\'>Membuat CSS PADDING</div><div class=\'q-regular\'>&nbsp;Menampilkan padding bawah.</div><div class=\'q-regular\'>Menampilkan properti untuk pengaturan padding bawah.&nbsp;</div>', '<div><div>&lt;!DOCTYPE html&gt;</div><div>&lt;html&gt;</div><div>&lt;head&gt;</div><div><br></div><div>&lt;/head&gt;</div><div>&lt;body&gt;</div><div><br></div><div>&lt;h1 style=\'<input class=\'anwer-input-user answer0\' data-answer=\'padding-bottom: 25%;\' maxlength=\'20\' size=\'20\'>\'&gt;Menampilkan padding bawah&lt;/h1&gt;</div><div><br></div><div>&lt;/body&gt;</div><div>&lt;/html&gt;</div></div><div><br></div><div><input type=\'hidden\' class=\'count-input\' value=\'1\'></div><script type=\'text/javascript\'>\r\n	$(\'.ab-show\').on(\'click\', function(){\r\n		check = $(\'.anwer-input-user\').val();\r\n		if (check == \'\') {\r\n			$(\'.anwer-input-user\').each(function(){\r\n				answer = $(this).attr(\'data-answer\');\r\n				$(this).val(answer);\r\n			});\r\n		} else {\r\n			$(\'.anwer-input-user\').each(function(){\r\n				$(this).val(\'\');\r\n			});\r\n		}\r\n	});\r\n</script>', '<!DOCTYPE html> <html> <head>  </head> <body> 	<h1 style=\" padding-bottom: 25%;\">Menampilkan padding bawah</h1> </body> </html>', 'yandy6man'),
(12, '<div class=\'q-learn\'>CSS</div><div class=\'q-title\'>Membuat CSS PADDING</div><div class=\'q-regular\'>&nbsp;Menampilkan padding kiri.</div><div class=\'q-regular\'>Menampilkan properti untuk pengaturan padding kiri.&nbsp;</div>', '<div><div>&lt;!DOCTYPE html&gt;</div><div>&lt;html&gt;</div><div>&lt;head&gt;</div><div><br></div><div>&lt;/head&gt;</div><div>&lt;body&gt;</div><div><br></div><div>&lt;h1 style=\'<input class=\'anwer-input-user answer0\' data-answer=\'padding-left: 25%;\' maxlength=\'18\' size=\'18\'>\'&gt;Menampilkan padding kiri&lt;/h1&gt;</div><div><br></div><div>&lt;/body&gt;</div><div>&lt;/html&gt;</div></div><div><br></div><div><input type=\'hidden\' class=\'count-input\' value=\'1\'></div><script type=\'text/javascript\'>\r\n	$(\'.ab-show\').on(\'click\', function(){\r\n		check = $(\'.anwer-input-user\').val();\r\n		if (check == \'\') {\r\n			$(\'.anwer-input-user\').each(function(){\r\n				answer = $(this).attr(\'data-answer\');\r\n				$(this).val(answer);\r\n			});\r\n		} else {\r\n			$(\'.anwer-input-user\').each(function(){\r\n				$(this).val(\'\');\r\n			});\r\n		}\r\n	});\r\n</script>', '<!DOCTYPE html> <html> <head>  </head> <body> 	<h1 style=\" padding-left: 25%;\">Menampilkan padding kiri</h1> </body> </html>', 'yandy6man'),
(13, '<div class=\'q-learn\'>CSS</div><div class=\'q-title\'>Membuat CSS WIDTH AND HEIGHT</div><div class=\'q-regular\'>&nbsp;Menampilkan width dan height.</div><div class=\'q-regular\'>Menampilkan properti untuk pengaturan tinggi dan lebar.&nbsp;</div>', '<div><div>&lt;!DOCTYPE html&gt;</div><div>&lt;html&gt;</div><div>&lt;head&gt;</div><div><br></div><div>&lt;/head&gt;</div><div>&lt;body&gt;</div><div><br></div><div>&lt;h1 style=\'<input class=\'anwer-input-user answer0\' data-answer=\'height: 200px;\' maxlength=\'14\' size=\'14\'> <input class=\'anwer-input-user answer1\' data-answer=\'width: 50%;\' maxlength=\'11\' size=\'11\'> <input class=\'anwer-input-user answer2\' data-answer=\'background-color: powderblue;\' maxlength=\'29\' size=\'29\'>\'&gt;Menampilkan tinggi dan lebar&lt;/h1&gt;</div><div><br></div><div>&lt;/body&gt;</div><div>&lt;/html&gt;</div></div><div><br></div><div><input type=\'hidden\' class=\'count-input\' value=\'3\'></div><script type=\'text/javascript\'>\r\n	$(\'.ab-show\').on(\'click\', function(){\r\n		check = $(\'.anwer-input-user\').val();\r\n		if (check == \'\') {\r\n			$(\'.anwer-input-user\').each(function(){\r\n				answer = $(this).attr(\'data-answer\');\r\n				$(this).val(answer);\r\n			});\r\n		} else {\r\n			$(\'.anwer-input-user\').each(function(){\r\n				$(this).val(\'\');\r\n			});\r\n		}\r\n	});\r\n</script>', '<!DOCTYPE html> <html> <head>  </head> <body> 	<h1 style=\"height: 200px; width: 50%; background-color: powderblue;\">Menambahkan tinggi dan lebar</h1> </body> </html>', 'yandy6man'),
(14, '<div class=\'q-learn\'>CSS</div><div class=\'q-title\'>Membuat CSS WIDTH AND HEIGHT</div><div class=\'q-regular\'>&nbsp;Menampilkan max-width dan height.</div><div class=\'q-regular\'>Menampilkan properti untuk mengatur tinggi dan mengatur lebar maksimum.&nbsp;</div>', '<div><div>&lt;!DOCTYPE html&gt;</div><div>&lt;html&gt;</div><div>&lt;head&gt;</div><div><br></div><div>&lt;/head&gt;</div><div>&lt;body&gt;</div><div><br></div><div>&lt;h1 style=\'<input class=\'anwer-input-user answer0\' data-answer=\'max-width: 500px;\' maxlength=\'17\' size=\'17\'> <input class=\'anwer-input-user answer1\' data-answer=\'height: 100px;\' maxlength=\'14\' size=\'14\'> <input class=\'anwer-input-user answer2\' data-answer=\'background-color: powderblue;\' maxlength=\'29\' size=\'29\'>\'&gt;Menampilkan tinggi dan lebar maksimum&lt;/h1&gt;</div><div><br></div><div>&lt;/body&gt;</div><div>&lt;/html&gt;</div></div><div><br></div><div><input type=\'hidden\' class=\'count-input\' value=\'3\'></div><script type=\'text/javascript\'>\r\n	$(\'.ab-show\').on(\'click\', function(){\r\n		check = $(\'.anwer-input-user\').val();\r\n		if (check == \'\') {\r\n			$(\'.anwer-input-user\').each(function(){\r\n				answer = $(this).attr(\'data-answer\');\r\n				$(this).val(answer);\r\n			});\r\n		} else {\r\n			$(\'.anwer-input-user\').each(function(){\r\n				$(this).val(\'\');\r\n			});\r\n		}\r\n	});\r\n</script>', '<!DOCTYPE html> <html> <head>  </head> <body> 	<h1 style=\"height: 200px; max-width: 500px; background-color: powderblue;\">Menambahkan tinggi dan lebar maksimum</h1> </body> </html>', 'yandy6man'),
(15, '<div class=\'q-learn\'>CSS</div><div class=\'q-title\'>Membuat CSS TEXT</div><div class=\'q-regular\'>&nbsp;Menampilkan text-align center.</div><div class=\'q-regular\'>Text-align yaitu untuk menampilkan text diposisi tengah.</div>', '<div><div>&lt;!DOCTYPE html&gt;</div><div>&lt;html&gt;</div><div>&lt;head&gt;</div><div><br></div><div>&lt;/head&gt;</div><div>&lt;body&gt;</div><div><br></div><div>&lt;h1 style=\'<input class=\'anwer-input-user answer0\' data-answer=\'text-align: center;\' maxlength=\'19\' size=\'19\'>\'&gt;Menampilkan text diposisi tengah&lt;/h1&gt;</div><div><br></div><div>&lt;/body&gt;</div><div>&lt;/html&gt;</div></div><div><br></div><div><input type=\'hidden\' class=\'count-input\' value=\'3\'></div><script type=\'text/javascript\'>\r\n	$(\'.ab-show\').on(\'click\', function(){\r\n		check = $(\'.anwer-input-user\').val();\r\n		if (check == \'\') {\r\n			$(\'.anwer-input-user\').each(function(){\r\n				answer = $(this).attr(\'data-answer\');\r\n				$(this).val(answer);\r\n			});\r\n		} else {\r\n			$(\'.anwer-input-user\').each(function(){\r\n				$(this).val(\'\');\r\n			});\r\n		}\r\n	});\r\n</script>', '<!DOCTYPE html> <html> <head>  </head> <body> 	<h1 style=\"text-align: center;\">Menampilkan teks diposisi tengah</h1> </body> </html>', 'yandy6man'),
(16, '<div class=\'q-learn\'>CSS</div><div class=\'q-title\'>Membuat CSS TEXT</div><div class=\'q-regular\'>&nbsp;Menampilkan text-align left.</div><div class=\'q-regular\'>Text-align yaitu untuk menampilkan text diposisi dikiri.</div>', '<div><div>&lt;!DOCTYPE html&gt;</div><div>&lt;html&gt;</div><div>&lt;head&gt;</div><div><br></div><div>&lt;/head&gt;</div><div>&lt;body&gt;</div><div><br></div><div>&lt;h1 style=\'<input class=\'anwer-input-user answer0\' data-answer=\'text-align: left;\' maxlength=\'17\' size=\'17\'>\'&gt;Menampilkan text diposisi dikiri&lt;/h1&gt;</div><div><br></div><div>&lt;/body&gt;</div><div>&lt;/html&gt;</div></div><div><br></div><div><input type=\'hidden\' class=\'count-input\' value=\'3\'></div><script type=\'text/javascript\'>\r\n	$(\'.ab-show\').on(\'click\', function(){\r\n		check = $(\'.anwer-input-user\').val();\r\n		if (check == \'\') {\r\n			$(\'.anwer-input-user\').each(function(){\r\n				answer = $(this).attr(\'data-answer\');\r\n				$(this).val(answer);\r\n			});\r\n		} else {\r\n			$(\'.anwer-input-user\').each(function(){\r\n				$(this).val(\'\');\r\n			});\r\n		}\r\n	});\r\n</script>', '<!DOCTYPE html> <html> <head>  </head> <body> 	<h1 style=\"text-align: left;\">Menampilkan teks diposisi kiri</h1> </body> </html>', 'yandy6man'),
(17, '<div class=\'q-learn\'>CSS</div><div class=\'q-title\'>Membuat CSS TEXT</div><div class=\'q-regular\'>&nbsp;Menampilkan text-align right.</div><div class=\'q-regular\'>Text-align yaitu untuk menampilkan text diposisi dikanan.</div>', '<div><div>&lt;!DOCTYPE html&gt;</div><div>&lt;html&gt;</div><div>&lt;head&gt;</div><div><br></div><div>&lt;/head&gt;</div><div>&lt;body&gt;</div><div><br></div><div>&lt;h1 style=\'<input class=\'anwer-input-user answer0\' data-answer=\'text-align: right;\' maxlength=\'18\' size=\'18\'>\'&gt;Menampilkan text diposisi dikanan&lt;/h1&gt;</div><div><br></div><div>&lt;/body&gt;</div><div>&lt;/html&gt;</div></div><div><br></div><div><input type=\'hidden\' class=\'count-input\' value=\'3\'></div><script type=\'text/javascript\'>\r\n	$(\'.ab-show\').on(\'click\', function(){\r\n		check = $(\'.anwer-input-user\').val();\r\n		if (check == \'\') {\r\n			$(\'.anwer-input-user\').each(function(){\r\n				answer = $(this).attr(\'data-answer\');\r\n				$(this).val(answer);\r\n			});\r\n		} else {\r\n			$(\'.anwer-input-user\').each(function(){\r\n				$(this).val(\'\');\r\n			});\r\n		}\r\n	});\r\n</script>', '<!DOCTYPE html> <html> <head>  </head> <body> 	<h1 style=\"text-align: right;\">Menampilkan teks diposisi kanan</h1> </body> </html>', 'yandy6man'),
(18, '<div class=\'q-learn\'>CSS</div><div class=\'q-title\'>Membuat CSS TEXT</div><div class=\'q-regular\'>&nbsp;Menampilkan text-align justify.</div><div class=\'q-regular\'>Text-align yaitu untuk menampilkan text setiap baris meregang sehingga setiap baris memiliki lebar yang sama, dan kiri dan kanan margin lurus.</div>', '<div><div>&lt;!DOCTYPE html&gt;</div><div>&lt;html&gt;</div><div>&lt;head&gt;</div><div><br></div><div>&lt;/head&gt;</div><div>&lt;body&gt;</div><div><br></div><div>&lt;h1 style=\'<input class=\'anwer-input-user answer0\' data-answer=\'text-align: justify;\' maxlength=\'20\' size=\'20\'>\'&gt;Menampilkan text justify&lt;/h1&gt;</div><div><br></div><div>&lt;/body&gt;</div><div>&lt;/html&gt;</div></div><div><br></div><div><input type=\'hidden\' class=\'count-input\' value=\'3\'></div><script type=\'text/javascript\'>\r\n	$(\'.ab-show\').on(\'click\', function(){\r\n		check = $(\'.anwer-input-user\').val();\r\n		if (check == \'\') {\r\n			$(\'.anwer-input-user\').each(function(){\r\n				answer = $(this).attr(\'data-answer\');\r\n				$(this).val(answer);\r\n			});\r\n		} else {\r\n			$(\'.anwer-input-user\').each(function(){\r\n				$(this).val(\'\');\r\n			});\r\n		}\r\n	});\r\n</script>', '<!DOCTYPE html> <html> <head>  </head> <body> 	<h1 style=\"text-align:justify;\">Menampilkan teks justify</h1> </body> </html>', 'yandy6man'),
(19, '<div class=\'q-learn\'>CSS</div><div class=\'q-title\'>Membuat CSS TEXT</div><div class=\'q-regular\'>&nbsp;Menampilkan text-align decoration.</div><div class=\'q-regular\'>properti ini digunakan untuk mengatur atau menghapus garis bawah dari link atau teks.</div>', '<div><div>&lt;!DOCTYPE html&gt;</div><div>&lt;html&gt;</div><div>&lt;head&gt;</div><div><br></div><div>&lt;/head&gt;</div><div>&lt;body&gt;</div><div><br></div><div>&lt;h1 style=\'<input class=\'anwer-input-user answer0\' data-answer=\'text-decoration: none;\' maxlength=\'22\' size=\'22\'>\'&gt;Menampilkan text decoration&lt;/h1&gt;</div><div><br></div><div>&lt;/body&gt;</div><div>&lt;/html&gt;</div></div><div><br></div><div><input type=\'hidden\' class=\'count-input\' value=\'1\'></div><script type=\'text/javascript\'>\r\n	$(\'.ab-show\').on(\'click\', function(){\r\n		check = $(\'.anwer-input-user\').val();\r\n		if (check == \'\') {\r\n			$(\'.anwer-input-user\').each(function(){\r\n				answer = $(this).attr(\'data-answer\');\r\n				$(this).val(answer);\r\n			});\r\n		} else {\r\n			$(\'.anwer-input-user\').each(function(){\r\n				$(this).val(\'\');\r\n			});\r\n		}\r\n	});\r\n</script>', '<!DOCTYPE html> <html> <head>  </head> <body> 	<a href=# style=\"text-decoration: none;\">Menghapus text decoration</a> </body> </html>', 'yandy6man'),
(20, '<div class=\'q-learn\'>CSS</div><div class=\'q-title\'>Membuat CSS TEXT</div><div class=\'q-regular\'>&nbsp;Menampilkan text-transform uppercase.</div><div class=\'q-regular\'>properti ini digunakan untuk menampilkan huruf kapital.</div>', '<div><div>&lt;!DOCTYPE html&gt;</div><div>&lt;html&gt;</div><div>&lt;head&gt;</div><div><br></div><div>&lt;/head&gt;</div><div>&lt;body&gt;</div><div><br></div><div>&lt;h1 style=\'<input class=\'anwer-input-user answer0\' data-answer=\'text-transform: uppercase;\' maxlength=\'26\' size=\'26\'>\'&gt;MENAMPILKAN TEXT KAPITAL&lt;/h1&gt;</div><div><br></div><div>&lt;/body&gt;</div><div>&lt;/html&gt;</div></div><div><br></div><div><input type=\'hidden\' class=\'count-input\' value=\'1\'></div><script type=\'text/javascript\'>\r\n	$(\'.ab-show\').on(\'click\', function(){\r\n		check = $(\'.anwer-input-user\').val();\r\n		if (check == \'\') {\r\n			$(\'.anwer-input-user\').each(function(){\r\n				answer = $(this).attr(\'data-answer\');\r\n				$(this).val(answer);\r\n			});\r\n		} else {\r\n			$(\'.anwer-input-user\').each(function(){\r\n				$(this).val(\'\');\r\n			});\r\n		}\r\n	});\r\n</script>', '<!DOCTYPE html> <html> <head>  </head> <body> 	<p style=\"text-transform: uppercase;\">menampilkan huruf kapital semua</p> </body> </html>', 'yandy6man');

-- --------------------------------------------------------

--
-- Struktur dari tabel `html_quest`
--

CREATE TABLE `html_quest` (
  `id_quest` int(25) NOT NULL,
  `quest` longtext NOT NULL,
  `answer` longtext NOT NULL,
  `result` longtext NOT NULL,
  `creator` varchar(25) NOT NULL
) ENGINE=InnoDB DEFAULT CHARSET=latin1;

--
-- Dumping data untuk tabel `html_quest`
--

INSERT INTO `html_quest` (`id_quest`, `quest`, `answer`, `result`, `creator`) VALUES
(1, '<div class=\'q-learn\'>HTML</div><div class=\'q-title\'>Atribut HTML `JUDUL`</div><div class=\'q-regular\'><div class=\'q-regular\'>Tambahkan judul pada atribut paragraf dengan teks &nbsp;<b> chameleon </b>&nbsp;</div></div><div class=\'q-warn\'>Tips : Gunakan atribut title.</div>', '<div>&lt;html&gt;</div><div>&lt;body&gt;</div><div><br></div><div>&lt;p <input class=\'anwer-input-user answer0\' data-answer=\'title=\'chameleon\'\' maxlength=\'17\' size=\'17\'>&gt;Chameleon adalah WEB belajar pemrograman online.&lt;/p&gt;</div><div><input type=\'hidden\' class=\'count-input\' value=\'1\'></div><div>&lt;/body&gt;</div><div>&lt;/html&gt;</div><script type=\'text/javascript\'>\r\n $(\'.ab-show\').on(\'click\', function(){\r\n   check = $(\'.anwer-input-user\').val();\r\n   if (check == \'\') {\r\n      $(\'.anwer-input-user\').each(function(){\r\n       answer = $(this).attr(\'data-answer\');\r\n       $(this).val(answer);\r\n      });\r\n   } else {\r\n      $(\'.anwer-input-user\').each(function(){\r\n       $(this).val(\'\');\r\n      });\r\n   }\r\n });\r\n</script>', '<p title=\"chameleon\">Chameleon adalah WEB belajar pemrograman online.</p>', 'yandy6man'),
(2, '<div class=\'q-learn\'>HTML</div><div class=\'q-title\'>Atribut HTML `UKURAN`</div><div class=\'q-regular\'><div class=\'q-regular\'>Ubahlah ukuran gambar menjadi &nbsp;<span class=\'q-code\'> lebar 100px dan tinggi 100px </span>&nbsp;</div></div><div class=\'q-warn\'>Tips : Gunakan atribut width untuk mengubah lebar dan height untuk mengubah tinggi.</div>', '<div><div style=\'font-family: monospace;\'>&lt;html&gt;</div><div style=\'font-family: monospace;\'>&lt;body&gt;</div><div style=\'font-family: monospace;\'><br></div><div style=\'font-family: monospace;\'>&lt;img src=\'chameleon.png\'&nbsp;<input class=\'anwer-input-user answer0\' data-answer=\'width=&quot;100px&quot; height=&quot;100px&quot;\' maxlength=\'28\' size=\'28\' style=\'font-family: monospace; font-size: 17px; border-width: 0px; border-style: initial; outline: none; text-align: center; background: rgba(0, 0, 0, 0.3); color: rgb(255, 255, 255); padding: 2px;\'>&gt;</div><div style=\'font-family: monospace;\'></div><div style=\'font-family: monospace;\'>&lt;/body&gt;</div><div style=\'font-family: monospace;\'>&lt;/html&gt;</div></div><script type=\'text/javascript\'>\r\n  $(\'.ab-show\').on(\'click\', function(){\r\n   check = $(\'.anwer-input-user\').val();\r\n   if (check == \'\') {\r\n      $(\'.anwer-input-user\').each(function(){\r\n       answer = $(this).attr(\'data-answer\');\r\n       $(this).val(answer);\r\n      });\r\n   } else {\r\n      $(\'.anwer-input-user\').each(function(){\r\n       $(this).val(\'\');\r\n      });\r\n   }\r\n });\r\n</script>', '<img src=\"assets/icons/logo3.png\" width=\"100px\" height=\"100px\">', 'yandy6man'),
(3, '<div class=\'q-learn\'>HTML</div><div class=\'q-title\'>Atribut HTML `anchor`</div><div class=\'q-regular\'>Arahkan teks &nbsp;<b> Arahkan saya </b>&nbsp; ke &nbsp;<span class=\'q-code\'> https://www.chameleon.org </span>&nbsp;</div><div class=\'q-warn\'>Tips : gunakan tag a dan tambahkan atribut href.</div>', '<div>&lt;html&gt;</div><div>&lt;body&gt;</div><div><br></div><div><input class=\'anwer-input-user answer0\' data-answer=\'&lt;a href=\'https://www.chameleon.org&gt;\'\' maxlength=\'42\' size=\'42\'>Arahkan saya<input class=\'anwer-input-user answer1\' data-answer=\'&lt;/a&gt;\' maxlength=\'10\' size=\'10\'></div><div><input type=\'hidden\' class=\'count-input\' value=\'2\'></div><div>&lt;/body&gt;</div><div>&lt;/html&gt;</div><script type=\'text/javascript\'>\r\n $(\'.ab-show\').on(\'click\', function(){\r\n   check = $(\'.anwer-input-user\').val();\r\n   if (check == \'\') {\r\n      $(\'.anwer-input-user\').each(function(){\r\n       answer = $(this).attr(\'data-answer\');\r\n       $(this).val(answer);\r\n      });\r\n   } else {\r\n      $(\'.anwer-input-user\').each(function(){\r\n       $(this).val(\'\');\r\n      });\r\n   }\r\n });\r\n</script>', '<a href=\'user\'>Arahkan Saya</a>', 'yandy6man'),
(4, '<div class=\'q-learn\'>HTML</div><div class=\'q-title\'>Atribut HTML `UKURAN`</div><div class=\'q-regular\'>Gambar di samping tidak ditemukan, spesifikasikanlah gambar di samping dengan menambahkan atribut alternatif dengan value&nbsp;<span class=\'q-code\'> https://www.chameleon.org </span>&nbsp;</div><div class=\'q-warn\'>Tips : gunakan atribut alt.</div>', '<div>&lt;html&gt;</div><div>&lt;body&gt;</div><div><br></div><div>&lt;img src=\'chameleooon.png\'&nbsp; width=\'100\' height=\'100\'&gt;<input class=\'anwer-input-user answer0\' data-answer=\'alt=\'chameleon.org\'&gt;\' maxlength=\'23\' size=\'23\'></div><div><input type=\'hidden\' class=\'count-input\' value=\'1\'></div><div>&lt;/body&gt;</div><div>&lt;/html&gt;</div><script type=\'text/javascript\'>\r\n  $(\'.ab-show\').on(\'click\', function(){\r\n   check = $(\'.anwer-input-user\').val();\r\n   if (check == \'\') {\r\n      $(\'.anwer-input-user\').each(function(){\r\n       answer = $(this).attr(\'data-answer\');\r\n       $(this).val(answer);\r\n      });\r\n   } else {\r\n      $(\'.anwer-input-user\').each(function(){\r\n       $(this).val(\'\');\r\n      });\r\n   }\r\n });\r\n</script>', '<img src=\'assets/icons/logo3.png\' alt=\'chameleon.org\' width=\'100\' height=\'100\'>', 'yandy6man'),
(5, '<div class=\'q-learn\'>HTML</div><div class=\'q-title\'>Judul HTML `Heading`</div><div class=\'q-regular\'>Tambahkan sebuah judul untuk paragraf dengan teks&nbsp;<span class=\'q-code\'> Chameleon </span>&nbsp;</div><div class=\'q-warn\'>Tips : gunakan elemen &lt;h1&gt;.</div>', '<div>&lt;html&gt;</div><div>&lt;body&gt;</div><div><br></div><div><input class=\'anwer-input-user answer0\' data-answer=\'&lt;h1&gt;\' maxlength=\'10\' size=\'10\'> <input class=\'anwer-input-user answer1\' data-answer=\'chameleon\' maxlength=\'9\' size=\'9\'> <input class=\'anwer-input-user answer2\' data-answer=\'&lt;/h1&gt;\' maxlength=\'11\' size=\'11\'></div><div>&lt;p&gt;Chameleon adalah WEB belajar pemrograman online.&lt;/p&gt;</div><div><input type=\'hidden\' class=\'count-input\' value=\'3\'></div><div>&lt;/body&gt;</div><div>&lt;/html&gt;</div><script type=\'text/javascript\'>\r\n  $(\'.ab-show\').on(\'click\', function(){\r\n   check = $(\'.anwer-input-user\').val();\r\n   if (check == \'\') {\r\n      $(\'.anwer-input-user\').each(function(){\r\n       answer = $(this).attr(\'data-answer\');\r\n       $(this).val(answer);\r\n      });\r\n   } else {\r\n      $(\'.anwer-input-user\').each(function(){\r\n       $(this).val(\'\');\r\n      });\r\n   }\r\n });\r\n</script>', '<h1>Chameleon</h1>\n<p>Chameleon adalah WEB belajar pemrograman online.</p>', 'yandy6man'),
(6, '<div class=\'q-learn\'>HTML</div><div class=\'q-title\'>Judul HTML `Horizontal rule`</div><div class=\'q-regular\'>Tambahkan sebuah garis horizontal di antara judul dan paragraf.</div><div class=\'q-warn\'>Tips : gunakan elemen &lt;hr&gt;.</div>', '<div>&lt;html&gt;</div><div>&lt;body&gt;</div><div><input class=\'anwer-input-user answer0\' data-answer=\'&lt;hr&gt;\' maxlength=\'10\' size=\'10\'></div><div>&lt;h1&gt;Chameleon&lt;/h1&gt;<br></div><div>&lt;p&gt;Chameleon adalah WEB belajar pemrograman online.&lt;/p&gt;</div><div><input type=\'hidden\' class=\'count-input\' value=\'1\'></div><div>&lt;/body&gt;</div><div>&lt;/html&gt;</div><script type=\'text/javascript\'>\r\n $(\'.ab-show\').on(\'click\', function(){\r\n   check = $(\'.anwer-input-user\').val();\r\n   if (check == \'\') {\r\n      $(\'.anwer-input-user\').each(function(){\r\n       answer = $(this).attr(\'data-answer\');\r\n       $(this).val(answer);\r\n      });\r\n   } else {\r\n      $(\'.anwer-input-user\').each(function(){\r\n       $(this).val(\'\');\r\n      });\r\n   }\r\n });\r\n</script>', '<h1>Chameleon</h1>\n<hr>\n<p>Chameleon adalah WEB belajar pemrograman online.</p>', 'yandy6man'),
(7, '<div class=\'q-learn\'>HTML</div><div class=\'q-title\'>Judul HTML `Headings`</div><div class=\'q-regular\'>Tambahkan enam heading untuk teks hai.</div><div class=\'q-warn\'>Tips : gunakan elemen &lt;h1&gt;, &lt;h2&gt;, &lt;h3&gt; dll.</div>', '<div>&lt;html&gt;</div><div>&lt;body&gt;</div><div><input class=\'anwer-input-user answer0\' data-answer=\'&lt;h1&gt;Hai&lt;/h1&gt;\' maxlength=\'24\' size=\'24\'></div><div><br></div><div><input class=\'anwer-input-user answer1\' data-answer=\'&lt;h2&gt;Hai&lt;/h2&gt;\' maxlength=\'24\' size=\'24\'><br></div><div><br></div><div><input class=\'anwer-input-user answer2\' data-answer=\'&lt;h3&gt;Hai&lt;/h3&gt;\' maxlength=\'24\' size=\'24\'><br></div><div><br></div><div><input class=\'anwer-input-user answer3\' data-answer=\'&lt;h4&gt;Hai&lt;/h4&gt;\' maxlength=\'24\' size=\'24\'><br></div><div><br></div><div><input class=\'anwer-input-user answer4\' data-answer=\'&lt;h5&gt;Hai&lt;/h5&gt;\' maxlength=\'24\' size=\'24\'><br></div><div><br></div><div><input class=\'anwer-input-user answer5\' data-answer=\'&lt;h6&gt;Hai&lt;/h6&gt;\' maxlength=\'24\' size=\'24\'><br></div><div><input type=\'hidden\' class=\'count-input\' value=\'6\'></div><div>&lt;/body&gt;</div><div>&lt;/html&gt;</div><script type=\'text/javascript\'>\r\n  $(\'.ab-show\').on(\'click\', function(){\r\n   check = $(\'.anwer-input-user\').val();\r\n   if (check == \'\') {\r\n      $(\'.anwer-input-user\').each(function(){\r\n       answer = $(this).attr(\'data-answer\');\r\n       $(this).val(answer);\r\n      });\r\n   } else {\r\n      $(\'.anwer-input-user\').each(function(){\r\n       $(this).val(\'\');\r\n      });\r\n   }\r\n });\r\n</script>', '<h1>Hai</h1>\n<h2>Hai</h2>\n<h3>Hai</h3>\n<h4>Hai</h4>\n<h5>Hai</h5>\n<h6>Hai</h6>', 'yandy6man'),
(8, '<div class=\'q-learn\'>HTML</div><div class=\'q-title\'>Paragraf HTML</div><div class=\'q-regular\'>Tambahkan paragraf ke dokumen ini dengan teks &nbsp;<span class=\'q-code\'> Hello World! </span>&nbsp;<br></div><div class=\'q-warn\'>&nbsp;Tips :&nbsp;Tambahkan elemen &lt;p&gt;.</div>', '<div>&lt;html&gt;</div><div>&lt;body&gt;</div><div><input class=\'anwer-input-user answer0\' data-answer=\'&lt;p&gt;Hello World!&lt;/p&gt;\' maxlength=\'31\' size=\'31\'></div><div><input type=\'hidden\' class=\'count-input\' value=\'1\'></div><div>&lt;/body&gt;</div><div>&lt;/html&gt;</div><script type=\'text/javascript\'>\r\n	$(\'.ab-show\').on(\'click\', function(){\r\n		check = $(\'.anwer-input-user\').val();\r\n		if (check == \'\') {\r\n			$(\'.anwer-input-user\').each(function(){\r\n				answer = $(this).attr(\'data-answer\');\r\n				$(this).val(answer);\r\n			});\r\n		} else {\r\n			$(\'.anwer-input-user\').each(function(){\r\n				$(this).val(\'\');\r\n			});\r\n		}\r\n	});\r\n</script>', '<p>Hello World!</p>', 'yandy6man'),
(9, '<div class=\'q-learn\'>HTML</div><div class=\'q-title\'>Paragraf HTML `br`</div><div class=\'q-regular\'>Perbaiki tampilan puisi di samping. Buatlah menjadi&nbsp;<span class=\'q-code\'> 4 baris </span>&nbsp;</div><div class=\'q-warn\'>&nbsp;Tips :&nbsp;Tambahkan elemen &lt;br&gt;.</div>', '<div>&lt;html&gt;</div><div>&lt;body&gt;</div><div>&lt;h1&gt;Luka&lt;/h1&gt;</div><div><div>&lt;p&gt;</div><div>Luka itu sakit. <input class=\'anwer-input-user answer0\' data-answer=\'&lt;br&gt;\' maxlength=\'10\' size=\'10\'></div><div>Luka ini cinta, <input class=\'anwer-input-user answer1\' data-answer=\'&lt;br&gt;\' maxlength=\'10\' size=\'10\'></div><div>cinta itu kamu, <input class=\'anwer-input-user answer2\' data-answer=\'&lt;br&gt;\' maxlength=\'10\' size=\'10\'></div><div>kamu itu luka. <input class=\'anwer-input-user answer3\' data-answer=\'&lt;br&gt;\' maxlength=\'10\' size=\'10\'></div></div><div>&lt;/p&gt;</div><div><input type=\'hidden\' class=\'count-input\' value=\'4\'></div><div>&lt;/body&gt;</div><div>&lt;/html&gt;</div><script type=\'text/javascript\'>\r\n	$(\'.ab-show\').on(\'click\', function(){\r\n		check = $(\'.anwer-input-user\').val();\r\n		if (check == \'\') {\r\n			$(\'.anwer-input-user\').each(function(){\r\n				answer = $(this).attr(\'data-answer\');\r\n				$(this).val(answer);\r\n			});\r\n		} else {\r\n			$(\'.anwer-input-user\').each(function(){\r\n				$(this).val(\'\');\r\n			});\r\n		}\r\n	});\r\n</script>', '<h1>Luka</h1>\n<p>\nLuka itu sakit. <br>\nLuka ini cinta, <br>\ncinta itu kamu, <br>\nkamu itu luka. <br>\n</p>', 'yandy6man'),
(10, '<div class=\'q-learn\'>HTML</div><div class=\'q-title\'>Paragraf HTML `pre`</div><div class=\'q-regular\'>Perbaiki tampilan puisi di bawah ini. Tampilkan puisi menggunakan&nbsp;<span class=\'q-code\'> &lt;pre&gt; </span>&nbsp;</div><div class=\'q-warn\'>&nbsp;Tips :&nbsp;Tambahkan elemen &lt;pre&gt;.</div>', '<div>&lt;html&gt;</div><div>&lt;body&gt;</div><div>&lt;h1&gt;Luka&lt;/h1&gt;</div><div><div>&lt;<input class=\'anwer-input-user answer0\' data-answer=\'pre\' maxlength=\'3\' size=\'3\'>&gt;</div><div>Luka itu sakit.&nbsp;</div><div>Luka ini cinta,&nbsp;</div><div>cinta itu kamu,&nbsp;</div><div>kamu itu luka.&nbsp;</div></div><div>&lt;/<input class=\'anwer-input-user answer1\' data-answer=\'pre\' maxlength=\'3\' size=\'3\'>&gt;</div><div><input type=\'hidden\' class=\'count-input\' value=\'2\'></div><div>&lt;/body&gt;</div><div>&lt;/html&gt;</div><script type=\'text/javascript\'>\r\n	$(\'.ab-show\').on(\'click\', function(){\r\n		check = $(\'.anwer-input-user\').val();\r\n		if (check == \'\') {\r\n			$(\'.anwer-input-user\').each(function(){\r\n				answer = $(this).attr(\'data-answer\');\r\n				$(this).val(answer);\r\n			});\r\n		} else {\r\n			$(\'.anwer-input-user\').each(function(){\r\n				$(this).val(\'\');\r\n			});\r\n		}\r\n	});\r\n</script>', '<h1>Luka</h1>\n<pre>\nLuka itu sakit.\nLuka ini cinta,\ncinta itu kamu,\nkamu itu luka.\n</pre>', 'yandy6man'),
(11, '<div class=\'q-learn\'>HTML</div><div class=\'q-title\'>Format HTML `strong`</div><div class=\'q-regular\'>Tambahkan atribut &nbsp;<b> penting </b>&nbsp; untuk &nbsp;<span class=\'q-code\'> WEB </span>&nbsp;</div><div class=\'q-warn\'>&nbsp;Tips :&nbsp;Tambahkan elemen &lt;strong&gt;.</div>', '<div>&lt;html&gt;</div><div>&lt;body&gt;</div><div><br></div><div><div><br></div><div><div style=\'font-family: monospace;\'>&lt;h1&gt;Chameleon&lt;/h1&gt;<br></div><div style=\'font-family: monospace;\'>&lt;p&gt;Chameleon adalah&nbsp;<span style=\'font-family: arial;\'>&lt;<input class=\'anwer-input-user answer0\' data-answer=\'strong\' maxlength=\'6\' size=\'6\'>&gt;</span>WEB<span style=\'font-family: arial;\'>&lt;/<input class=\'anwer-input-user answer1\' data-answer=\'strong\' maxlength=\'6\' size=\'6\'>&gt;</span>&nbsp;belajar pemrograman online.&lt;/p&gt;</div><div style=\'font-family: monospace;\'></div><div style=\'font-family: monospace;\'>&lt;/body&gt;</div></div></div><div><br></div><div><input type=\'hidden\' class=\'count-input\' value=\'2\'></div><div>&lt;/body&gt;</div><div>&lt;/html&gt;</div><script type=\'text/javascript\'>\r\n	$(\'.ab-show\').on(\'click\', function(){\r\n		check = $(\'.anwer-input-user\').val();\r\n		if (check == \'\') {\r\n			$(\'.anwer-input-user\').each(function(){\r\n				answer = $(this).attr(\'data-answer\');\r\n				$(this).val(answer);\r\n			});\r\n		} else {\r\n			$(\'.anwer-input-user\').each(function(){\r\n				$(this).val(\'\');\r\n			});\r\n		}\r\n	});\r\n</script>', '<h1>Chameleon</h1>\n<p>Chameleon adalah <strong>WEB</strong> belajar pemrograman online.</p>\n</body>', 'yandy6man'),
(12, '<div class=\'q-learn\'>HTML</div><div class=\'q-title\'>Format HTML `em`</div><div class=\'q-regular\'>Tekankan kata&nbsp;<span class=\'q-code\'> WEB </span>&nbsp; di samping</div><div class=\'q-warn\'>&nbsp;Tips :&nbsp;Tambahkan elemen &lt;em&gt;.</div>', '<div>&lt;html&gt;</div><div>&lt;body&gt;</div><div><br></div><div><div><br></div><div><div style=\'font-family: monospace;\'>&lt;h1&gt;Chameleon&lt;/h1&gt;<br></div><div style=\'font-family: monospace;\'>&lt;p&gt;Chameleon adalah&nbsp;<span style=\'font-family: arial;\'>&lt;<input class=\'anwer-input-user answer0\' data-answer=\'em\' maxlength=\'2\' size=\'2\'>&gt;</span>WEB<span style=\'font-family: arial;\'>&lt;/<input class=\'anwer-input-user answer1\' data-answer=\'em\' maxlength=\'2\' size=\'2\'>&gt;</span>&nbsp;belajar pemrograman online.&lt;/p&gt;</div><div style=\'font-family: monospace;\'></div><div style=\'font-family: monospace;\'>&lt;/body&gt;</div></div></div><div><br></div><div><input type=\'hidden\' class=\'count-input\' value=\'2\'></div><div>&lt;/body&gt;</div><div>&lt;/html&gt;</div><script type=\'text/javascript\'>\r\n	$(\'.ab-show\').on(\'click\', function(){\r\n		check = $(\'.anwer-input-user\').val();\r\n		if (check == \'\') {\r\n			$(\'.anwer-input-user\').each(function(){\r\n				answer = $(this).attr(\'data-answer\');\r\n				$(this).val(answer);\r\n			});\r\n		} else {\r\n			$(\'.anwer-input-user\').each(function(){\r\n				$(this).val(\'\');\r\n			});\r\n		}\r\n	});\r\n</script>', '<h1>Chameleon</h1>\n<p>Chameleon adalah <em>WEB</em> belajar pemrograman online.</p>\n</body>', 'yandy6man'),
(13, '<div class=\'q-learn\'>HTML</div><div class=\'q-title\'>Format HTML `mark`</div><div class=\'q-regular\'>Beri &nbsp;<b> tanda </b>&nbsp; pada kata&nbsp;<span class=\'q-code\'> WEB </span>&nbsp; di samping</div><div class=\'q-warn\'>&nbsp;Tips :&nbsp;Tambahkan elemen &lt;mark&gt;.</div>', '<div>&lt;html&gt;</div><div>&lt;body&gt;</div><div><br></div><div><div><br></div><div><div style=\'font-family: monospace;\'>&lt;h1&gt;Chameleon&lt;/h1&gt;<br></div><div style=\'font-family: monospace;\'>&lt;p&gt;Chameleon adalah&nbsp;<span style=\'font-family: arial;\'>&lt;<input class=\'anwer-input-user answer0\' data-answer=\'mark\' maxlength=\'4\' size=\'4\'>&gt;</span>WEB<span style=\'font-family: arial;\'>&lt;/<input class=\'anwer-input-user answer1\' data-answer=\'mark\' maxlength=\'4\' size=\'4\'>&gt;</span>&nbsp;belajar pemrograman online.&lt;/p&gt;</div><div style=\'font-family: monospace;\'></div><div style=\'font-family: monospace;\'>&lt;/body&gt;</div></div></div><div><br></div><div><input type=\'hidden\' class=\'count-input\' value=\'2\'></div><div>&lt;/body&gt;</div><div>&lt;/html&gt;</div><script type=\'text/javascript\'>\r\n	$(\'.ab-show\').on(\'click\', function(){\r\n		check = $(\'.anwer-input-user\').val();\r\n		if (check == \'\') {\r\n			$(\'.anwer-input-user\').each(function(){\r\n				answer = $(this).attr(\'data-answer\');\r\n				$(this).val(answer);\r\n			});\r\n		} else {\r\n			$(\'.anwer-input-user\').each(function(){\r\n				$(this).val(\'\');\r\n			});\r\n		}\r\n	});\r\n</script>', '<h1>Chameleon</h1>\n<p>Chameleon adalah <mark>WEB</mark> belajar pemrograman online.</p>\n</body>', 'yandy6man'),
(14, '<div class=\'q-learn\'>HTML</div><div class=\'q-title\'>Format HTML `sub`</div><div class=\'q-regular\'>Buatlah angka &nbsp;<b> 2</b>&nbsp; pada kata&nbsp;<span class=\'q-code\'> H2O </span>&nbsp; menjadi teks kecil dan berada di bawah.</div><div class=\'q-warn\'>&nbsp;Tips :&nbsp;Tambahkan elemen &lt;sub&gt;.</div>', '<div>&lt;html&gt;</div><div>&lt;body&gt;</div><div><br></div><div>&lt;p&gt;H&lt;<input class=\'anwer-input-user answer0\' data-answer=\'sub\' maxlength=\'3\' size=\'3\'>&gt;2&lt;/<input class=\'anwer-input-user answer1\' data-answer=\'sub\' maxlength=\'3\' size=\'3\'>&gt;O adalah rumus kimia untuk air&lt;/p&gt;<br></div><div><br></div><div><input type=\'hidden\' class=\'count-input\' value=\'2\'></div><div>&lt;/body&gt;</div><div>&lt;/html&gt;</div><script type=\'text/javascript\'>\r\n	$(\'.ab-show\').on(\'click\', function(){\r\n		check = $(\'.anwer-input-user\').val();\r\n		if (check == \'\') {\r\n			$(\'.anwer-input-user\').each(function(){\r\n				answer = $(this).attr(\'data-answer\');\r\n				$(this).val(answer);\r\n			});\r\n		} else {\r\n			$(\'.anwer-input-user\').each(function(){\r\n				$(this).val(\'\');\r\n			});\r\n		}\r\n	});\r\n</script>', '<p>H<sub>2</sub>O adalah rumus kimia untuk air</p>', 'yandy6man'),
(15, '<div class=\'q-learn\'>HTML</div><div class=\'q-title\'>Format HTML `del`</div><div class=\'q-regular\'>Coret teks &nbsp;<span class=\'q-code\'> WEB </span>&nbsp;&nbsp;</div><div class=\'q-warn\'>&nbsp;Tips :&nbsp;Tambahkan elemen &lt;del&gt;.</div>', '<div>&lt;html&gt;</div><div>&lt;body&gt;</div><div><br></div><div><div><br></div><div><div style=\'font-family: monospace;\'>&lt;h1&gt;Chameleon&lt;/h1&gt;<br></div><div style=\'font-family: monospace;\'>&lt;p&gt;Chameleon adalah&nbsp;<span style=\'font-family: arial;\'>&lt;<input class=\'anwer-input-user answer0\' data-answer=\'del\' maxlength=\'3\' size=\'3\'>&gt;</span>WEB<span style=\'font-family: arial;\'>&lt;/<input class=\'anwer-input-user answer1\' data-answer=\'del\' maxlength=\'3\' size=\'3\'>&gt;</span>&nbsp;belajar pemrograman online.&lt;/p&gt;</div><div style=\'font-family: monospace;\'></div><div style=\'font-family: monospace;\'>&lt;/body&gt;</div></div></div><div><br></div><div><input type=\'hidden\' class=\'count-input\' value=\'2\'></div><div>&lt;/body&gt;</div><div>&lt;/html&gt;</div><script type=\'text/javascript\'>\r\n	$(\'.ab-show\').on(\'click\', function(){\r\n		check = $(\'.anwer-input-user\').val();\r\n		if (check == \'\') {\r\n			$(\'.anwer-input-user\').each(function(){\r\n				answer = $(this).attr(\'data-answer\');\r\n				$(this).val(answer);\r\n			});\r\n		} else {\r\n			$(\'.anwer-input-user\').each(function(){\r\n				$(this).val(\'\');\r\n			});\r\n		}\r\n	});\r\n</script>', '<h1>Chameleon</h1>\n<p>Chameleon adalah <del>WEB</del> belajar pemrograman online.</p>\n</body>', 'yandy6man'),
(16, '<div class=\'q-learn\'>HTML</div><div class=\'q-title\'>Kutipan HTML `quote`</div><div class=\'q-regular\'>Gunakan elemen HTML untuk menambahkan tanda kutip pada&nbsp;<span class=\'q-code\'> Pemrograman Online </span>&nbsp;&nbsp;</div><div class=\'q-warn\'>&nbsp;Tips :&nbsp;Tambahkan elemen &lt;q&gt;.</div>', '<div>&lt;html&gt;</div><div>&lt;body&gt;</div><div><br></div><div><div><br></div><div><div style=\'font-family: monospace;\'>&lt;h1&gt;Chameleon&lt;/h1&gt;<br></div><div style=\'font-family: monospace;\'>&lt;p&gt;Chameleon adalah WEB&nbsp;belajar &lt;<input class=\'anwer-input-user answer0\' data-answer=\'q\' maxlength=\'1\' size=\'1\'>&gt;pemrograman online.&lt;/<input class=\'anwer-input-user answer1\' data-answer=\'q\' maxlength=\'1\' size=\'1\'>&gt;&lt;/p&gt;</div><div style=\'font-family: monospace;\'></div><div style=\'font-family: monospace;\'>&lt;/body&gt;</div></div></div><div><br></div><div><input type=\'hidden\' class=\'count-input\' value=\'2\'></div><div>&lt;/body&gt;</div><div>&lt;/html&gt;</div><script type=\'text/javascript\'>\r\n	$(\'.ab-show\').on(\'click\', function(){\r\n		check = $(\'.anwer-input-user\').val();\r\n		if (check == \'\') {\r\n			$(\'.anwer-input-user\').each(function(){\r\n				answer = $(this).attr(\'data-answer\');\r\n				$(this).val(answer);\r\n			});\r\n		} else {\r\n			$(\'.anwer-input-user\').each(function(){\r\n				$(this).val(\'\');\r\n			});\r\n		}\r\n	});\r\n</script>', '<h1>Chameleon</h1>\n<p>Chameleon adalah WEB belajar <q>pemrograman online.</q></p>\n</body>', 'yandy6man'),
(17, '<div class=\'q-learn\'>HTML</div><div class=\'q-title\'>Kutipan HTML `dir`</div><div class=\'q-regular\'>Buat teks di samping dari &nbsp;<b> kanan </b>&nbsp; ke &nbsp;<span class=\'q-code\'> kiri </span>&nbsp;.<br></div><div class=\'q-warn\'>&nbsp;Tips :&nbsp;Tambahkan elemen &lt;dir&gt; dengan value rtl (right to left).</div>', '<div>&lt;html&gt;</div><div>&lt;body&gt;</div><div><br></div><div><div>&lt;<input class=\'anwer-input-user answer0\' data-answer=\'bdo dir=\'rtl\'\' maxlength=\'13\' size=\'13\'>&gt;</div><div><div style=\'font-family: monospace;\'>Chameleon adalah WEB&nbsp;belajar pemrograman online</div><div style=\'font-family: monospace;\'>&lt;/<input class=\'anwer-input-user answer1\' data-answer=\'bdo dir=\'rtl\'\' maxlength=\'13\' size=\'13\'>&gt;</div><div style=\'font-family: monospace;\'><br></div><div style=\'font-family: monospace;\'></div><div style=\'font-family: monospace;\'>&lt;/body&gt;</div></div></div><div><br></div><div><input type=\'hidden\' class=\'count-input\' value=\'2\'></div><div>&lt;/body&gt;</div><div>&lt;/html&gt;</div><script type=\'text/javascript\'>\r\n	$(\'.ab-show\').on(\'click\', function(){\r\n		check = $(\'.anwer-input-user\').val();\r\n		if (check == \'\') {\r\n			$(\'.anwer-input-user\').each(function(){\r\n				answer = $(this).attr(\'data-answer\');\r\n				$(this).val(answer);\r\n			});\r\n		} else {\r\n			$(\'.anwer-input-user\').each(function(){\r\n				$(this).val(\'\');\r\n			});\r\n		}\r\n	});\r\n</script>', '<bdo dir=\'rtl\'>\nChameleon adalah WEB belajar pemrograman online.\n</bdo>', 'yandy6man'),
(18, '<div class=\'q-learn\'>HTML</div><div class=\'q-title\'>Kutipan HTML `abbr`</div><div class=\'q-regular\'><div class=\'q-regular\'>Kata &nbsp;<b> HTML </b>&nbsp; dalam teks di samping adalah singkatan dari &nbsp;<b> Hypertext Markup Language </b>&nbsp;. Gunakan elemen HTML untuk memberikan singkatan yang ditentukan &nbsp;<b> HTML</b>&nbsp;.</div></div><div class=\'q-warn\'>&nbsp;Tips :&nbsp;Tambahkan elemen &lt;abbr&gt; dan tambahkan atribut judul.</div>', '<div>&lt;html&gt;</div><div>&lt;body&gt;</div><div><br></div><div>&lt;p&gt;</div><div><div>&lt;<input class=\'anwer-input-user answer0\' data-answer=\'abbr title=\'Hypertext Markup Language\'\' maxlength=\'38\' size=\'38\'>&gt;HTML&lt;/<input class=\'anwer-input-user answer1\' data-answer=\'abbr\' maxlength=\'4\' size=\'4\'>&gt;<span style=\'font-family: monospace;\'>adalah sebuah bahasa markup yang digunakan untuk membuat sebuah halaman web, menampilkan berbagai informasi di dalam sebuah Penjelajah web Internet dan formating hypertext sederhana yang ditulis kedalam berkas format ASCII agar dapat menghasilkan tampilan wujud yang terintegerasi.</span></div><div><div style=\'font-family: monospace;\'>&lt;/p&gt;</div></div></div><div><br></div><div><input type=\'hidden\' class=\'count-input\' value=\'2\'></div><div>&lt;/body&gt;</div><div>&lt;/html&gt;</div><script type=\'text/javascript\'>\r\n	$(\'.ab-show\').on(\'click\', function(){\r\n		check = $(\'.anwer-input-user\').val();\r\n		if (check == \'\') {\r\n			$(\'.anwer-input-user\').each(function(){\r\n				answer = $(this).attr(\'data-answer\');\r\n				$(this).val(answer);\r\n			});\r\n		} else {\r\n			$(\'.anwer-input-user\').each(function(){\r\n				$(this).val(\'\');\r\n			});\r\n		}\r\n	});\r\n</script>', '<p>\n<abbr title=\'Hypertext Markup Language\'>HTML</abbr>adalah sebuah bahasa markup yang digunakan untuk membuat sebuah halaman web, menampilkan berbagai informasi di dalam sebuah Penjelajah web Internet dan formating hypertext sederhana yang ditulis kedalam berkas format ASCII agar dapat menghasilkan tampilan wujud yang terintegerasi.\n</p>', 'yandy6man'),
(19, '<div class=\'q-learn\'>HTML</div><div class=\'q-title\'>Tautan HTML `href`</div><div class=\'q-regular\'><div class=\'q-regular\'>Tautkan &nbsp;<b> facebook </b>&nbsp; ke http://www.facebook.com.</div></div><div class=\'q-warn\'>&nbsp;Tips :&nbsp;Tambahkan elemen &lt;a&gt; dan tambahkan atribut href.</div>', '<div>&lt;html&gt;</div><div>&lt;body&gt;</div><div><br></div><div><div>&lt;<input class=\'anwer-input-user answer0\' data-answer=\'a href=\'http://www.facebook.com\'\' maxlength=\'32\' size=\'32\'>&gt;facebook&lt;/<input class=\'anwer-input-user answer1\' data-answer=\'a\' maxlength=\'1\' size=\'1\'>&gt;</div></div><div><br></div><div><input type=\'hidden\' class=\'count-input\' value=\'2\'></div><div>&lt;/body&gt;</div><div>&lt;/html&gt;</div><script type=\'text/javascript\'>\r\n	$(\'.ab-show\').on(\'click\', function(){\r\n		check = $(\'.anwer-input-user\').val();\r\n		if (check == \'\') {\r\n			$(\'.anwer-input-user\').each(function(){\r\n				answer = $(this).attr(\'data-answer\');\r\n				$(this).val(answer);\r\n			});\r\n		} else {\r\n			$(\'.anwer-input-user\').each(function(){\r\n				$(this).val(\'\');\r\n			});\r\n		}\r\n	});\r\n</script>', '<a href=\'http://www.facebook.com\'>facebook</a>', 'yandy6man'),
(20, '<div class=\'q-learn\'>HTML</div><div class=\'q-title\'>Daftar HTML `li`</div><div class=\'q-regular\'><div class=\'q-regular\'>Tambahkan daftar item dengan teks &nbsp;<b> HTML </b>&nbsp; di dalam &lt;ul&gt;</div></div><div class=\'q-warn\'>&nbsp;Tips :&nbsp;Tambahkan elemen &lt;li&gt;.</div>', '<div>&lt;html&gt;</div><div>&lt;body&gt;</div><div><br></div><div>&lt;ul&gt;</div><div>&nbsp; &lt;<input class=\'anwer-input-user answer0\' data-answer=\'li\' maxlength=\'2\' size=\'2\'>&gt;HTML&lt;/<input class=\'anwer-input-user answer1\' data-answer=\'li\' maxlength=\'2\' size=\'2\'>&gt;</div><div>&lt;/ul&gt;</div><div><br></div><div><input type=\'hidden\' class=\'count-input\' value=\'2\'></div><div>&lt;/body&gt;</div><div>&lt;/html&gt;</div><script type=\'text/javascript\'>\r\n	$(\'.ab-show\').on(\'click\', function(){\r\n		check = $(\'.anwer-input-user\').val();\r\n		if (check == \'\') {\r\n			$(\'.anwer-input-user\').each(function(){\r\n				answer = $(this).attr(\'data-answer\');\r\n				$(this).val(answer);\r\n			});\r\n		} else {\r\n			$(\'.anwer-input-user\').each(function(){\r\n				$(this).val(\'\');\r\n			});\r\n		}\r\n	});\r\n</script>', '<html>\n<body>\n\n<ul>\n  <li>HTML</li>\n</ul>\n\n</body>\n</html>', 'yandy6man');

-- --------------------------------------------------------

--
-- Struktur dari tabel `js_quest`
--

CREATE TABLE `js_quest` (
  `id_quest` int(25) NOT NULL,
  `quest` longtext NOT NULL,
  `answer` longtext NOT NULL,
  `result` longtext NOT NULL,
  `creator` varchar(25) NOT NULL
) ENGINE=InnoDB DEFAULT CHARSET=latin1;

--
-- Dumping data untuk tabel `js_quest`
--

INSERT INTO `js_quest` (`id_quest`, `quest`, `answer`, `result`, `creator`) VALUES
(1, '<div class=\'q-learn\'>JS</div><div class=\'q-title\'>Membuat Variabel</div><div class=\'q-regular\'>Buat variabel yang dinamakan carName, tetapkan nilai \'Avanza\' ke dalamnya<br></div>', 'var <input class=\'anwer-input-user answer0\' data-answer=\'carName\' maxlength=\'7\' size=\'7\'> = \'<input class=\'anwer-input-user answer1\' data-answer=\'Avanza\' maxlength=\'6\' size=\'6\'>\';<div><br></div><div><input type=\'hidden\' class=\'count-input\' value=\'2\'></div><div class=\'answer-alert\'></div>\r\n<style type=\'text/css\'>\r\n	.answer-alert {\r\n		position: fixed;\r\n		width: 100%;\r\n		height: 100%;\r\n		top: 0;\r\n		left: 0;\r\n		z-index: 99;\r\n		background: rgba(0,0,0,0.7);\r\n		display: grid;\r\n		align-items: center;\r\n		justify-content: center;\r\n		font-family: arial;\r\n		font-size: 50px;\r\n		color: #FFF;\r\n		user-select: none;\r\n	}\r\n</style>\r\n<script type=\'text/javascript\'>\r\n	$(\'.ab-show\').on(\'click\', function(){\r\n		check = $(\'.anwer-input-user\').val();\r\n		if (check == \'\') {\r\n			$(\'.anwer-input-user\').each(function(){\r\n				answer = $(this).attr(\'data-answer\');\r\n				$(this).val(answer);\r\n			});\r\n		} else {\r\n			$(\'.anwer-input-user\').each(function(){\r\n				$(this).val(\'\');\r\n			});\r\n		}\r\n	});\r\n\r\n	$(\'.answer-alert\').hide();\r\n	$(\'.ab-run\').on(\'click\', function(){\r\n		$(\'.anwer-input-user\').each(function(){\r\n			realAnswer = $(this).attr(\'data-answer\');\r\n			userAnswer = $(this).val();\r\n			if (realAnswer == userAnswer) {\r\n				$(\'.answer-alert\').html(\'Jawaban Benar!\').css({\'color\':\'#4caf04\'}).fadeIn();\r\n			} else {\r\n				$(\'.answer-alert\').html(\'Jawaban Salah!\').css({\'color\':\'#f44336\'}).fadeIn();\r\n			}\r\n		})\r\n	});\r\n	$(\'.answer-alert\').on(\'click\', function(){\r\n		$(\'.answer-alert\').fadeOut();\r\n	});\r\n</script>', '<script>var carName= \'Avanza\';</script>', 'yandy6man'),
(2, '<div class=\'q-learn\'>JS</div><div class=\'q-title\'>Membuat Variabel</div><div class=\'q-regular\'>Buat variabel yang disebut x, tetapkan nilai 50 ke dalamnya.<br></div>', 'var <input class=\'anwer-input-user answer0\' data-answer=\'x\' maxlength=\'1\' size=\'1\'> = \'<input class=\'anwer-input-user answer1\' data-answer=\'50\' maxlength=\'2\' size=\'2\'>\';<div><br></div><div><input type=\'hidden\' class=\'count-input\' value=\'2\'></div><div class=\'answer-alert\'></div>\r\n<style type=\'text/css\'>\r\n	.answer-alert {\r\n		position: fixed;\r\n		width: 100%;\r\n		height: 100%;\r\n		top: 0;\r\n		left: 0;\r\n		z-index: 99;\r\n		background: rgba(0,0,0,0.7);\r\n		display: grid;\r\n		align-items: center;\r\n		justify-content: center;\r\n		font-family: arial;\r\n		font-size: 50px;\r\n		color: #FFF;\r\n		user-select: none;\r\n	}\r\n</style>\r\n<script type=\'text/javascript\'>\r\n	$(\'.ab-show\').on(\'click\', function(){\r\n		check = $(\'.anwer-input-user\').val();\r\n		if (check == \'\') {\r\n			$(\'.anwer-input-user\').each(function(){\r\n				answer = $(this).attr(\'data-answer\');\r\n				$(this).val(answer);\r\n			});\r\n		} else {\r\n			$(\'.anwer-input-user\').each(function(){\r\n				$(this).val(\'\');\r\n			});\r\n		}\r\n	});\r\n\r\n	$(\'.answer-alert\').hide();\r\n	$(\'.ab-run\').on(\'click\', function(){\r\n		$(\'.anwer-input-user\').each(function(){\r\n			realAnswer = $(this).attr(\'data-answer\');\r\n			userAnswer = $(this).val();\r\n			if (realAnswer == userAnswer) {\r\n				$(\'.answer-alert\').html(\'Jawaban Benar!\').css({\'color\':\'#4caf04\'}).fadeIn();\r\n			} else {\r\n				$(\'.answer-alert\').html(\'Jawaban Salah!\').css({\'color\':\'#f44336\'}).fadeIn();\r\n			}\r\n		})\r\n	});\r\n	$(\'.answer-alert\').on(\'click\', function(){\r\n		$(\'.answer-alert\').fadeOut();\r\n	});\r\n</script>', '<script> var x= \'50\'; </script>', 'yandy6man'),
(3, '<div class=\'q-learn\'>JS</div><div class=\'q-title\'>Mengolah Variabel</div><div class=\'q-regular\'>Tampilkan jumlah 5 + 10, menggunakan dua variabel: x dan y<br></div>', '<div>var <input class=\'anwer-input-user answer0\' data-answer=\'x\' maxlength=\'1\' size=\'1\'> = <input class=\'anwer-input-user answer1\' data-answer=\'5\' maxlength=\'1\' size=\'1\'>;</div><div>var y = 10;</div><div>document.getElementById(\'demo\').innerHTML = x <input class=\'anwer-input-user answer2\' data-answer=\'+\' maxlength=\'1\' size=\'1\'> y;</div><div><br></div><div><input type=\'hidden\' class=\'count-input\' value=\'3\'></div><div class=\'answer-alert\'></div>\r\n<style type=\'text/css\'>\r\n	.answer-alert {\r\n		position: fixed;\r\n		width: 100%;\r\n		height: 100%;\r\n		top: 0;\r\n		left: 0;\r\n		z-index: 99;\r\n		background: rgba(0,0,0,0.7);\r\n		display: grid;\r\n		align-items: center;\r\n		justify-content: center;\r\n		font-family: arial;\r\n		font-size: 50px;\r\n		color: #FFF;\r\n		user-select: none;\r\n	}\r\n</style>\r\n<script type=\'text/javascript\'>\r\n	$(\'.ab-show\').on(\'click\', function(){\r\n		check = $(\'.anwer-input-user\').val();\r\n		if (check == \'\') {\r\n			$(\'.anwer-input-user\').each(function(){\r\n				answer = $(this).attr(\'data-answer\');\r\n				$(this).val(answer);\r\n			});\r\n		} else {\r\n			$(\'.anwer-input-user\').each(function(){\r\n				$(this).val(\'\');\r\n			});\r\n		}\r\n	});\r\n\r\n	$(\'.answer-alert\').hide();\r\n	$(\'.ab-run\').on(\'click\', function(){\r\n		$(\'.anwer-input-user\').each(function(){\r\n			realAnswer = $(this).attr(\'data-answer\');\r\n			userAnswer = $(this).val();\r\n			if (realAnswer == userAnswer) {\r\n				$(\'.answer-alert\').html(\'Jawaban Benar!\').css({\'color\':\'#4caf04\'}).fadeIn();\r\n			} else {\r\n				$(\'.answer-alert\').html(\'Jawaban Salah!\').css({\'color\':\'#f44336\'}).fadeIn();\r\n			}\r\n		})\r\n	});\r\n	$(\'.answer-alert\').on(\'click\', function(){\r\n		$(\'.answer-alert\').fadeOut();\r\n	});\r\n</script>', '<script> var x= 5; var y = 10; document.getElementById(\"demo\").innerHTML = x + y; </script>', 'yandy6man'),
(4, '<div class=\'q-learn\'>JS</div><div class=\'q-title\'>Mengolah Variabel</div><div class=\'q-regular\'>Buat variabel bernama z, jumlahkan x + y, dan tampilkan hasilnya di &nbsp;<b> alert box </b>&nbsp;<br></div>', '<div>var x = 5;</div><div>var y = 10;</div><div><br></div><div><input class=\'anwer-input-user answer0\' data-answer=\'var\' maxlength=\'3\' size=\'3\'> <input class=\'anwer-input-user answer1\' data-answer=\'z\' maxlength=\'1\' size=\'1\'> = x + y;</div><div><br></div><div><input class=\'anwer-input-user answer2\' data-answer=\'alert\' maxlength=\'5\' size=\'5\'>(z);</div><div><br></div><div><input type=\'hidden\' class=\'count-input\' value=\'3\'></div><div class=\'answer-alert\'></div>\r\n<style type=\'text/css\'>\r\n	.answer-alert {\r\n		position: fixed;\r\n		width: 100%;\r\n		height: 100%;\r\n		top: 0;\r\n		left: 0;\r\n		z-index: 99;\r\n		background: rgba(0,0,0,0.7);\r\n		display: grid;\r\n		align-items: center;\r\n		justify-content: center;\r\n		font-family: arial;\r\n		font-size: 50px;\r\n		color: #FFF;\r\n		user-select: none;\r\n	}\r\n</style>\r\n<script type=\'text/javascript\'>\r\n	$(\'.ab-show\').on(\'click\', function(){\r\n		check = $(\'.anwer-input-user\').val();\r\n		if (check == \'\') {\r\n			$(\'.anwer-input-user\').each(function(){\r\n				answer = $(this).attr(\'data-answer\');\r\n				$(this).val(answer);\r\n			});\r\n		} else {\r\n			$(\'.anwer-input-user\').each(function(){\r\n				$(this).val(\'\');\r\n			});\r\n		}\r\n	});\r\n\r\n	$(\'.answer-alert\').hide();\r\n	$(\'.ab-run\').on(\'click\', function(){\r\n		$(\'.anwer-input-user\').each(function(){\r\n			realAnswer = $(this).attr(\'data-answer\');\r\n			userAnswer = $(this).val();\r\n			if (realAnswer == userAnswer) {\r\n				$(\'.answer-alert\').html(\'Jawaban Benar!\').css({\'color\':\'#4caf04\'}).fadeIn();\r\n			} else {\r\n				$(\'.answer-alert\').html(\'Jawaban Salah!\').css({\'color\':\'#f44336\'}).fadeIn();\r\n			}\r\n		})\r\n	});\r\n	$(\'.answer-alert\').on(\'click\', function(){\r\n		$(\'.answer-alert\').fadeOut();\r\n	});\r\n</script>', '<button onclick=\"myFunction()\">Alert</button><script>function myFunction() {    alert(5 + 10);}</script>', 'yandy6man'),
(5, '<div class=\'q-learn\'>JS</div><div class=\'q-title\'>Operasi Javascript</div><div class=\'q-regular\'>Kalikan 10 dengan 5, dan beri tahu hasilnya:<br></div>', '<div>alert(10 <input class=\'anwer-input-user answer0\' data-answer=\'*\' maxlength=\'1\' size=\'1\'> 5);</div><div><br></div><div><input type=\'hidden\' class=\'count-input\' value=\'1\'></div><div class=\'answer-alert\'></div>\r\n<style type=\'text/css\'>\r\n	.answer-alert {\r\n		position: fixed;\r\n		width: 100%;\r\n		height: 100%;\r\n		top: 0;\r\n		left: 0;\r\n		z-index: 99;\r\n		background: rgba(0,0,0,0.7);\r\n		display: grid;\r\n		align-items: center;\r\n		justify-content: center;\r\n		font-family: arial;\r\n		font-size: 50px;\r\n		color: #FFF;\r\n		user-select: none;\r\n	}\r\n</style>\r\n<script type=\'text/javascript\'>\r\n	$(\'.ab-show\').on(\'click\', function(){\r\n		check = $(\'.anwer-input-user\').val();\r\n		if (check == \'\') {\r\n			$(\'.anwer-input-user\').each(function(){\r\n				answer = $(this).attr(\'data-answer\');\r\n				$(this).val(answer);\r\n			});\r\n		} else {\r\n			$(\'.anwer-input-user\').each(function(){\r\n				$(this).val(\'\');\r\n			});\r\n		}\r\n	});\r\n\r\n	$(\'.answer-alert\').hide();\r\n	$(\'.ab-run\').on(\'click\', function(){\r\n		$(\'.anwer-input-user\').each(function(){\r\n			realAnswer = $(this).attr(\'data-answer\');\r\n			userAnswer = $(this).val();\r\n			if (realAnswer == userAnswer) {\r\n				$(\'.answer-alert\').html(\'Jawaban Benar!\').css({\'color\':\'#4caf04\'}).fadeIn();\r\n			} else {\r\n				$(\'.answer-alert\').html(\'Jawaban Salah!\').css({\'color\':\'#f44336\'}).fadeIn();\r\n			}\r\n		})\r\n	});\r\n	$(\'.answer-alert\').on(\'click\', function(){\r\n		$(\'.answer-alert\').fadeOut();\r\n	});\r\n</script>', '<button onclick=\"myFunction()\">Alert</button><script>function myFunction() {    alert(10 * 15);}</script>', 'yandy6man'),
(6, '<div class=\'q-learn\'>JS</div><div class=\'q-title\'>Operasi Javascript</div><div class=\'q-regular\'>Bagi 5 dengan 4, dan beri tahu hasilnya:<br></div>', '<div>alert(5 <input class=\'anwer-input-user answer0\' data-answer=\'/\' maxlength=\'1\' size=\'1\'> 4);</div><div><br></div><div><input type=\'hidden\' class=\'count-input\' value=\'1\'></div><div class=\'answer-alert\'></div>\r\n<style type=\'text/css\'>\r\n	.answer-alert {\r\n		position: fixed;\r\n		width: 100%;\r\n		height: 100%;\r\n		top: 0;\r\n		left: 0;\r\n		z-index: 99;\r\n		background: rgba(0,0,0,0.7);\r\n		display: grid;\r\n		align-items: center;\r\n		justify-content: center;\r\n		font-family: arial;\r\n		font-size: 50px;\r\n		color: #FFF;\r\n		user-select: none;\r\n	}\r\n</style>\r\n<script type=\'text/javascript\'>\r\n	$(\'.ab-show\').on(\'click\', function(){\r\n		check = $(\'.anwer-input-user\').val();\r\n		if (check == \'\') {\r\n			$(\'.anwer-input-user\').each(function(){\r\n				answer = $(this).attr(\'data-answer\');\r\n				$(this).val(answer);\r\n			});\r\n		} else {\r\n			$(\'.anwer-input-user\').each(function(){\r\n				$(this).val(\'\');\r\n			});\r\n		}\r\n	});\r\n\r\n	$(\'.answer-alert\').hide();\r\n	$(\'.ab-run\').on(\'click\', function(){\r\n		$(\'.anwer-input-user\').each(function(){\r\n			realAnswer = $(this).attr(\'data-answer\');\r\n			userAnswer = $(this).val();\r\n			if (realAnswer == userAnswer) {\r\n				$(\'.answer-alert\').html(\'Jawaban Benar!\').css({\'color\':\'#4caf04\'}).fadeIn();\r\n			} else {\r\n				$(\'.answer-alert\').html(\'Jawaban Salah!\').css({\'color\':\'#f44336\'}).fadeIn();\r\n			}\r\n		})\r\n	});\r\n	$(\'.answer-alert\').on(\'click\', function(){\r\n		$(\'.answer-alert\').fadeOut();\r\n	});\r\n</script>', '<button onclick=\"myFunction()\">Alert</button>  <script> function myFunction() {     alert(5 / 4); } </script>', 'yandy6man'),
(7, '<div class=\'q-learn\'>JS</div><div class=\'q-title\'>Operasi Javascript</div><div class=\'q-regular\'>&nbsp;<b>remainder</b>&nbsp; 10 dengan 4, dan beri tahu hasilnya:<br></div>', '<div>alert(10 <input class=\'anwer-input-user answer0\' data-answer=\'%\' maxlength=\'1\' size=\'1\'> 4);</div><div><br></div><div><input type=\'hidden\' class=\'count-input\' value=\'1\'></div><div class=\'answer-alert\'></div>\r\n<style type=\'text/css\'>\r\n	.answer-alert {\r\n		position: fixed;\r\n		width: 100%;\r\n		height: 100%;\r\n		top: 0;\r\n		left: 0;\r\n		z-index: 99;\r\n		background: rgba(0,0,0,0.7);\r\n		display: grid;\r\n		align-items: center;\r\n		justify-content: center;\r\n		font-family: arial;\r\n		font-size: 50px;\r\n		color: #FFF;\r\n		user-select: none;\r\n	}\r\n</style>\r\n<script type=\'text/javascript\'>\r\n	$(\'.ab-show\').on(\'click\', function(){\r\n		check = $(\'.anwer-input-user\').val();\r\n		if (check == \'\') {\r\n			$(\'.anwer-input-user\').each(function(){\r\n				answer = $(this).attr(\'data-answer\');\r\n				$(this).val(answer);\r\n			});\r\n		} else {\r\n			$(\'.anwer-input-user\').each(function(){\r\n				$(this).val(\'\');\r\n			});\r\n		}\r\n	});\r\n\r\n	$(\'.answer-alert\').hide();\r\n	$(\'.ab-run\').on(\'click\', function(){\r\n		$(\'.anwer-input-user\').each(function(){\r\n			realAnswer = $(this).attr(\'data-answer\');\r\n			userAnswer = $(this).val();\r\n			if (realAnswer == userAnswer) {\r\n				$(\'.answer-alert\').html(\'Jawaban Benar!\').css({\'color\':\'#4caf04\'}).fadeIn();\r\n			} else {\r\n				$(\'.answer-alert\').html(\'Jawaban Salah!\').css({\'color\':\'#f44336\'}).fadeIn();\r\n			}\r\n		})\r\n	});\r\n	$(\'.answer-alert\').on(\'click\', function(){\r\n		$(\'.answer-alert\').fadeOut();\r\n	});\r\n</script>', '<button onclick=\"myFunction()\">Alert</button>  <script> function myFunction() {     alert(5 % 4); } </script>', 'yandy6man'),
(8, '<div class=\'q-learn\'>JS</div><div class=\'q-title\'>Operasi Javascript</div><div class=\'q-regular\'>Gunakan operator yang akan menghasilkan x menjadi 15 (sama dengan x = x + y)<br></div>', '<div>x = 10;</div><div>y = 5;</div><div>x <input class=\'anwer-input-user answer0\' data-answer=\'+=\' maxlength=\'2\' size=\'2\'> y;</div><div><br></div><div><input type=\'hidden\' class=\'count-input\' value=\'1\'></div><div class=\'answer-alert\'></div>\r\n<style type=\'text/css\'>\r\n	.answer-alert {\r\n		position: fixed;\r\n		width: 100%;\r\n		height: 100%;\r\n		top: 0;\r\n		left: 0;\r\n		z-index: 99;\r\n		background: rgba(0,0,0,0.7);\r\n		display: grid;\r\n		align-items: center;\r\n		justify-content: center;\r\n		font-family: arial;\r\n		font-size: 50px;\r\n		color: #FFF;\r\n		user-select: none;\r\n	}\r\n</style>\r\n<script type=\'text/javascript\'>\r\n	$(\'.ab-show\').on(\'click\', function(){\r\n		check = $(\'.anwer-input-user\').val();\r\n		if (check == \'\') {\r\n			$(\'.anwer-input-user\').each(function(){\r\n				answer = $(this).attr(\'data-answer\');\r\n				$(this).val(answer);\r\n			});\r\n		} else {\r\n			$(\'.anwer-input-user\').each(function(){\r\n				$(this).val(\'\');\r\n			});\r\n		}\r\n	});\r\n\r\n	$(\'.answer-alert\').hide();\r\n	$(\'.ab-run\').on(\'click\', function(){\r\n		$(\'.anwer-input-user\').each(function(){\r\n			realAnswer = $(this).attr(\'data-answer\');\r\n			userAnswer = $(this).val();\r\n			if (realAnswer == userAnswer) {\r\n				$(\'.answer-alert\').html(\'Jawaban Benar!\').css({\'color\':\'#4caf04\'}).fadeIn();\r\n			} else {\r\n				$(\'.answer-alert\').html(\'Jawaban Salah!\').css({\'color\':\'#f44336\'}).fadeIn();\r\n			}\r\n		})\r\n	});\r\n	$(\'.answer-alert\').on(\'click\', function(){\r\n		$(\'.answer-alert\').fadeOut();\r\n	});\r\n</script>', '<script> x = 10; y = 5; x += y; </script>', 'yandy6man'),
(9, '<div class=\'q-learn\'>JS</div><div class=\'q-title\'>Operasi Javascript</div><div class=\'q-regular\'>Gunakan operator yang akan menghasilkan x menjadi 40 (sama dengan x = x * y)<br></div>', '<div>x = 10;</div><div>y = 4;</div><div>x <input class=\'anwer-input-user answer0\' data-answer=\'*=\' maxlength=\'2\' size=\'2\'> y;</div><div><br></div><div><input type=\'hidden\' class=\'count-input\' value=\'1\'></div><div class=\'answer-alert\'></div>\r\n<style type=\'text/css\'>\r\n	.answer-alert {\r\n		position: fixed;\r\n		width: 100%;\r\n		height: 100%;\r\n		top: 0;\r\n		left: 0;\r\n		z-index: 99;\r\n		background: rgba(0,0,0,0.7);\r\n		display: grid;\r\n		align-items: center;\r\n		justify-content: center;\r\n		font-family: arial;\r\n		font-size: 50px;\r\n		color: #FFF;\r\n		user-select: none;\r\n	}\r\n</style>\r\n<script type=\'text/javascript\'>\r\n	$(\'.ab-show\').on(\'click\', function(){\r\n		check = $(\'.anwer-input-user\').val();\r\n		if (check == \'\') {\r\n			$(\'.anwer-input-user\').each(function(){\r\n				answer = $(this).attr(\'data-answer\');\r\n				$(this).val(answer);\r\n			});\r\n		} else {\r\n			$(\'.anwer-input-user\').each(function(){\r\n				$(this).val(\'\');\r\n			});\r\n		}\r\n	});\r\n\r\n	$(\'.answer-alert\').hide();\r\n	$(\'.ab-run\').on(\'click\', function(){\r\n		$(\'.anwer-input-user\').each(function(){\r\n			realAnswer = $(this).attr(\'data-answer\');\r\n			userAnswer = $(this).val();\r\n			if (realAnswer == userAnswer) {\r\n				$(\'.answer-alert\').html(\'Jawaban Benar!\').css({\'color\':\'#4caf04\'}).fadeIn();\r\n			} else {\r\n				$(\'.answer-alert\').html(\'Jawaban Salah!\').css({\'color\':\'#f44336\'}).fadeIn();\r\n			}\r\n		})\r\n	});\r\n	$(\'.answer-alert\').on(\'click\', function(){\r\n		$(\'.answer-alert\').fadeOut();\r\n	});\r\n</script>', '<script> x = 10; y = 4; x *= y; </script>', 'yandy6man'),
(10, '<div class=\'q-learn\'>JS</div><div class=\'q-title\'>Fungsi Javascript</div><div class=\'q-regular\'>Jalankan fungsi yang bernama &nbsp;<b> myFunction </b>&nbsp;<br></div>', '<div>function myFunction() {</div><div>&nbsp; &nbsp;alert(\'Hello World!\');</div><div>}</div><div><br></div><div><input class=\'anwer-input-user answer0\' data-answer=\'myFunction()\' maxlength=\'12\' size=\'12\'>;</div><div><br></div><div><input type=\'hidden\' class=\'count-input\' value=\'1\'></div><div class=\'answer-alert\'></div>\r\n<style type=\'text/css\'>\r\n	.answer-alert {\r\n		position: fixed;\r\n		width: 100%;\r\n		height: 100%;\r\n		top: 0;\r\n		left: 0;\r\n		z-index: 99;\r\n		background: rgba(0,0,0,0.7);\r\n		display: grid;\r\n		align-items: center;\r\n		justify-content: center;\r\n		font-family: arial;\r\n		font-size: 50px;\r\n		color: #FFF;\r\n		user-select: none;\r\n	}\r\n</style>\r\n<script type=\'text/javascript\'>\r\n	$(\'.ab-show\').on(\'click\', function(){\r\n		check = $(\'.anwer-input-user\').val();\r\n		if (check == \'\') {\r\n			$(\'.anwer-input-user\').each(function(){\r\n				answer = $(this).attr(\'data-answer\');\r\n				$(this).val(answer);\r\n			});\r\n		} else {\r\n			$(\'.anwer-input-user\').each(function(){\r\n				$(this).val(\'\');\r\n			});\r\n		}\r\n	});\r\n\r\n	$(\'.answer-alert\').hide();\r\n	$(\'.ab-run\').on(\'click\', function(){\r\n		$(\'.anwer-input-user\').each(function(){\r\n			realAnswer = $(this).attr(\'data-answer\');\r\n			userAnswer = $(this).val();\r\n			if (realAnswer == userAnswer) {\r\n				$(\'.answer-alert\').html(\'Jawaban Benar!\').css({\'color\':\'#4caf04\'}).fadeIn();\r\n			} else {\r\n				$(\'.answer-alert\').html(\'Jawaban Salah!\').css({\'color\':\'#f44336\'}).fadeIn();\r\n			}\r\n		})\r\n	});\r\n	$(\'.answer-alert\').on(\'click\', function(){\r\n		$(\'.answer-alert\').fadeOut();\r\n	});\r\n</script>', '<button onclick=\"myFunction()\">Alert</button><script>function myFunction() {    alert(\"Hello World!\");}</script>', 'yandy6man'),
(11, '<div class=\'q-learn\'>JS</div><div class=\'q-title\'>Fungsi Javascript</div><div class=\'q-regular\'>Buat fungsi yang disebut \'myFunction\'<br></div>', '<div><input class=\'anwer-input-user answer0\' data-answer=\'function\' maxlength=\'8\' size=\'8\'> <input class=\'anwer-input-user answer1\' data-answer=\'myFunction()\' maxlength=\'12\' size=\'12\'> {</div><div>&nbsp; &nbsp;alert(\'Hello World!\');</div><div><input class=\'anwer-input-user answer2\' data-answer=\'}\' maxlength=\'1\' size=\'1\'></div><div><br></div><div><input type=\'hidden\' class=\'count-input\' value=\'3\'></div><div class=\'answer-alert\'></div>\r\n<style type=\'text/css\'>\r\n	.answer-alert {\r\n		position: fixed;\r\n		width: 100%;\r\n		height: 100%;\r\n		top: 0;\r\n		left: 0;\r\n		z-index: 99;\r\n		background: rgba(0,0,0,0.7);\r\n		display: grid;\r\n		align-items: center;\r\n		justify-content: center;\r\n		font-family: arial;\r\n		font-size: 50px;\r\n		color: #FFF;\r\n		user-select: none;\r\n	}\r\n</style>\r\n<script type=\'text/javascript\'>\r\n	$(\'.ab-show\').on(\'click\', function(){\r\n		check = $(\'.anwer-input-user\').val();\r\n		if (check == \'\') {\r\n			$(\'.anwer-input-user\').each(function(){\r\n				answer = $(this).attr(\'data-answer\');\r\n				$(this).val(answer);\r\n			});\r\n		} else {\r\n			$(\'.anwer-input-user\').each(function(){\r\n				$(this).val(\'\');\r\n			});\r\n		}\r\n	});\r\n\r\n	$(\'.answer-alert\').hide();\r\n	$(\'.ab-run\').on(\'click\', function(){\r\n		$(\'.anwer-input-user\').each(function(){\r\n			realAnswer = $(this).attr(\'data-answer\');\r\n			userAnswer = $(this).val();\r\n			if (realAnswer == userAnswer) {\r\n				$(\'.answer-alert\').html(\'Jawaban Benar!\').css({\'color\':\'#4caf04\'}).fadeIn();\r\n			} else {\r\n				$(\'.answer-alert\').html(\'Jawaban Salah!\').css({\'color\':\'#f44336\'}).fadeIn();\r\n			}\r\n		})\r\n	});\r\n	$(\'.answer-alert\').on(\'click\', function(){\r\n		$(\'.answer-alert\').fadeOut();\r\n	});\r\n</script>', '<button onclick=\"myFunction()\">Alert</button>  <script> function myFunction() {     alert(\"Hello World!\"); } </script>', 'yandy6man'),
(12, '<div class=\'q-learn\'>JS</div><div class=\'q-title\'>Fungsi Javascript</div><div class=\'q-regular\'>Jadikan fungsi mengembalikan string \'Halo\'<br></div>', '<div>function myFunction() {</div><div>&nbsp; <input class=\'anwer-input-user answer0\' data-answer=\'return\' maxlength=\'6\' size=\'6\'> \'<input class=\'anwer-input-user answer1\' data-answer=\'Hello\' maxlength=\'5\' size=\'5\'>\';</div><div>}</div><div><br></div><div>document.getElementById(\'demo\').innerHTML = myFunction();</div><div><br></div><div><input type=\'hidden\' class=\'count-input\' value=\'2\'></div><div class=\'answer-alert\'></div>\r\n<style type=\'text/css\'>\r\n	.answer-alert {\r\n		position: fixed;\r\n		width: 100%;\r\n		height: 100%;\r\n		top: 0;\r\n		left: 0;\r\n		z-index: 99;\r\n		background: rgba(0,0,0,0.7);\r\n		display: grid;\r\n		align-items: center;\r\n		justify-content: center;\r\n		font-family: arial;\r\n		font-size: 50px;\r\n		color: #FFF;\r\n		user-select: none;\r\n	}\r\n</style>\r\n<script type=\'text/javascript\'>\r\n	$(\'.ab-show\').on(\'click\', function(){\r\n		check = $(\'.anwer-input-user\').val();\r\n		if (check == \'\') {\r\n			$(\'.anwer-input-user\').each(function(){\r\n				answer = $(this).attr(\'data-answer\');\r\n				$(this).val(answer);\r\n			});\r\n		} else {\r\n			$(\'.anwer-input-user\').each(function(){\r\n				$(this).val(\'\');\r\n			});\r\n		}\r\n	});\r\n\r\n	$(\'.answer-alert\').hide();\r\n	$(\'.ab-run\').on(\'click\', function(){\r\n		$(\'.anwer-input-user\').each(function(){\r\n			realAnswer = $(this).attr(\'data-answer\');\r\n			userAnswer = $(this).val();\r\n			if (realAnswer == userAnswer) {\r\n				$(\'.answer-alert\').html(\'Jawaban Benar!\').css({\'color\':\'#4caf04\'}).fadeIn();\r\n			} else {\r\n				$(\'.answer-alert\').html(\'Jawaban Salah!\').css({\'color\':\'#f44336\'}).fadeIn();\r\n			}\r\n		})\r\n	});\r\n	$(\'.answer-alert\').on(\'click\', function(){\r\n		$(\'.answer-alert\').fadeOut();\r\n	});\r\n</script>', '<script>function myFunction() {    return \'Hello\';}document.getElementById(\'demo\').innerHTML = myFunction();</script>', 'yandy6man'),
(13, '<div class=\'q-learn\'>JS</div><div class=\'q-title\'>Fungsi Javascript</div><div class=\'q-regular\'>Jadikan fungsi menampilkan \'Halo\' di bagian dalam HTML elemen dengan ID \'demo\'<br></div>', '<div>function myFunction() {</div><div>&nbsp; document.<input class=\'anwer-input-user answer0\' data-answer=\'getElementById\' maxlength=\'14\' size=\'14\'>(\'demo\').<input class=\'anwer-input-user answer1\' data-answer=\'innerHTML\' maxlength=\'9\' size=\'9\'> = \'Hello\';</div><div>}</div><div><br></div><div><input type=\'hidden\' class=\'count-input\' value=\'2\'></div><div class=\'answer-alert\'></div>\r\n<style type=\'text/css\'>\r\n	.answer-alert {\r\n		position: fixed;\r\n		width: 100%;\r\n		height: 100%;\r\n		top: 0;\r\n		left: 0;\r\n		z-index: 99;\r\n		background: rgba(0,0,0,0.7);\r\n		display: grid;\r\n		align-items: center;\r\n		justify-content: center;\r\n		font-family: arial;\r\n		font-size: 50px;\r\n		color: #FFF;\r\n		user-select: none;\r\n	}\r\n</style>\r\n<script type=\'text/javascript\'>\r\n	$(\'.ab-show\').on(\'click\', function(){\r\n		check = $(\'.anwer-input-user\').val();\r\n		if (check == \'\') {\r\n			$(\'.anwer-input-user\').each(function(){\r\n				answer = $(this).attr(\'data-answer\');\r\n				$(this).val(answer);\r\n			});\r\n		} else {\r\n			$(\'.anwer-input-user\').each(function(){\r\n				$(this).val(\'\');\r\n			});\r\n		}\r\n	});\r\n\r\n	$(\'.answer-alert\').hide();\r\n	$(\'.ab-run\').on(\'click\', function(){\r\n		$(\'.anwer-input-user\').each(function(){\r\n			realAnswer = $(this).attr(\'data-answer\');\r\n			userAnswer = $(this).val();\r\n			if (realAnswer == userAnswer) {\r\n				$(\'.answer-alert\').html(\'Jawaban Benar!\').css({\'color\':\'#4caf04\'}).fadeIn();\r\n			} else {\r\n				$(\'.answer-alert\').html(\'Jawaban Salah!\').css({\'color\':\'#f44336\'}).fadeIn();\r\n			}\r\n		})\r\n	});\r\n	$(\'.answer-alert\').on(\'click\', function(){\r\n		$(\'.answer-alert\').fadeOut();\r\n	});\r\n</script>', '<script> function myFunction(){ document.getElementById(\'demo\').innerHTML = \'Hello\'; } </script>', 'yandy6man'),
(14, '<div class=\'q-learn\'>JS</div><div class=\'q-title\'>Objek Javascript</div><div class=\'q-regular\'>Tampilkan \'John\' dengan mengekstraksi informasi dari objek &nbsp;<span class=\'q-code\'> person </span>&nbsp;<br></div>', '<div>var person = {</div><div>&nbsp; firstName: \'John\',</div><div>&nbsp; lastName: \'Doe\'</div><div>};</div><div><br></div><div>alert(<input class=\'anwer-input-user answer0\' data-answer=\'person.firstName\' maxlength=\'16\' size=\'16\'>);</div><div><br></div><div><input type=\'hidden\' class=\'count-input\' value=\'1\'></div><div class=\'answer-alert\'></div>\r\n<style type=\'text/css\'>\r\n	.answer-alert {\r\n		position: fixed;\r\n		width: 100%;\r\n		height: 100%;\r\n		top: 0;\r\n		left: 0;\r\n		z-index: 99;\r\n		background: rgba(0,0,0,0.7);\r\n		display: grid;\r\n		align-items: center;\r\n		justify-content: center;\r\n		font-family: arial;\r\n		font-size: 50px;\r\n		color: #FFF;\r\n		user-select: none;\r\n	}\r\n</style>\r\n<script type=\'text/javascript\'>\r\n	$(\'.ab-show\').on(\'click\', function(){\r\n		check = $(\'.anwer-input-user\').val();\r\n		if (check == \'\') {\r\n			$(\'.anwer-input-user\').each(function(){\r\n				answer = $(this).attr(\'data-answer\');\r\n				$(this).val(answer);\r\n			});\r\n		} else {\r\n			$(\'.anwer-input-user\').each(function(){\r\n				$(this).val(\'\');\r\n			});\r\n		}\r\n	});\r\n\r\n	$(\'.answer-alert\').hide();\r\n	$(\'.ab-run\').on(\'click\', function(){\r\n		$(\'.anwer-input-user\').each(function(){\r\n			realAnswer = $(this).attr(\'data-answer\');\r\n			userAnswer = $(this).val();\r\n			if (realAnswer == userAnswer) {\r\n				$(\'.answer-alert\').html(\'Jawaban Benar!\').css({\'color\':\'#4caf04\'}).fadeIn();\r\n			} else {\r\n				$(\'.answer-alert\').html(\'Jawaban Salah!\').css({\'color\':\'#f44336\'}).fadeIn();\r\n			}\r\n		})\r\n	});\r\n	$(\'.answer-alert\').on(\'click\', function(){\r\n		$(\'.answer-alert\').fadeOut();\r\n	});\r\n</script>', '<button onclick=\"myFunction()\">Alert</button> <script> function myFunction() { var person = {   firstName: \'John\',   lastName: \'Doe\' }; alert(person.firstName); } </script>', 'yandy6man'),
(15, '<div class=\'q-learn\'>JS</div><div class=\'q-title\'>Objek Javascript</div><div class=\'q-regular\'>Tambahkan properti dan nilai berikut ke objek &nbsp;<span class=\'q-code\'> person </span>&nbsp; yaitu &nbsp;<span class=\'q-code\'> country: Indonesia</span>&nbsp;<br></div>', '<div>var person = {</div><div>&nbsp; firstName: \'John\',</div><div>&nbsp; lastName: \'Doe\'<input class=\'anwer-input-user answer0\' data-answer=\',\' maxlength=\'1\' size=\'1\'></div><div>&nbsp; <input class=\'anwer-input-user answer1\' data-answer=\'country\' maxlength=\'7\' size=\'7\'>: \'<input class=\'anwer-input-user answer2\' data-answer=\'Indonesia\' maxlength=\'9\' size=\'9\'>\'</div><div>};</div><div><br></div><div><input type=\'hidden\' class=\'count-input\' value=\'3\'></div><div class=\'answer-alert\'></div>\r\n<style type=\'text/css\'>\r\n	.answer-alert {\r\n		position: fixed;\r\n		width: 100%;\r\n		height: 100%;\r\n		top: 0;\r\n		left: 0;\r\n		z-index: 99;\r\n		background: rgba(0,0,0,0.7);\r\n		display: grid;\r\n		align-items: center;\r\n		justify-content: center;\r\n		font-family: arial;\r\n		font-size: 50px;\r\n		color: #FFF;\r\n		user-select: none;\r\n	}\r\n</style>\r\n<script type=\'text/javascript\'>\r\n	$(\'.ab-show\').on(\'click\', function(){\r\n		check = $(\'.anwer-input-user\').val();\r\n		if (check == \'\') {\r\n			$(\'.anwer-input-user\').each(function(){\r\n				answer = $(this).attr(\'data-answer\');\r\n				$(this).val(answer);\r\n			});\r\n		} else {\r\n			$(\'.anwer-input-user\').each(function(){\r\n				$(this).val(\'\');\r\n			});\r\n		}\r\n	});\r\n\r\n	$(\'.answer-alert\').hide();\r\n	$(\'.ab-run\').on(\'click\', function(){\r\n		$(\'.anwer-input-user\').each(function(){\r\n			realAnswer = $(this).attr(\'data-answer\');\r\n			userAnswer = $(this).val();\r\n			if (realAnswer == userAnswer) {\r\n				$(\'.answer-alert\').html(\'Jawaban Benar!\').css({\'color\':\'#4caf04\'}).fadeIn();\r\n			} else {\r\n				$(\'.answer-alert\').html(\'Jawaban Salah!\').css({\'color\':\'#f44336\'}).fadeIn();\r\n			}\r\n		})\r\n	});\r\n	$(\'.answer-alert\').on(\'click\', function(){\r\n		$(\'.answer-alert\').fadeOut();\r\n	});\r\n</script>', '<script> var person = {   firstName: \'John\',   lastName: \'Doe\',   country: \'Indonesia\'}; </script>', 'yandy6man'),
(16, '<div class=\'q-learn\'>JS</div><div class=\'q-title\'>Objek Javascript</div><div class=\'q-regular\'>Buat objek yang disebut &nbsp;<span class=\'q-code\'> person </span>&nbsp; dengan name = John, age = 50. Kemudian, akses objek yang akan diberi alert (\'John is 50\')<br></div>', '<div>var person <input class=\'anwer-input-user answer0\' data-answer=\'=\' maxlength=\'1\' size=\'1\'> {</div><div>&nbsp; name<input class=\'anwer-input-user answer1\' data-answer=\':\' maxlength=\'1\' size=\'1\'> \'John\',</div><div>&nbsp; age<input class=\'anwer-input-user answer2\' data-answer=\':\' maxlength=\'1\' size=\'1\'> 50</div><div>};</div><div><br></div><div>alert(<input class=\'anwer-input-user answer3\' data-answer=\'person.name\' maxlength=\'11\' size=\'11\'> + \' adalah \' + <input class=\'anwer-input-user answer4\' data-answer=\'person.age\' maxlength=\'10\' size=\'10\'>);</div><div><br></div><div><input type=\'hidden\' class=\'count-input\' value=\'5\'></div><div class=\'answer-alert\'></div>\r\n<style type=\'text/css\'>\r\n	.answer-alert {\r\n		position: fixed;\r\n		width: 100%;\r\n		height: 100%;\r\n		top: 0;\r\n		left: 0;\r\n		z-index: 99;\r\n		background: rgba(0,0,0,0.7);\r\n		display: grid;\r\n		align-items: center;\r\n		justify-content: center;\r\n		font-family: arial;\r\n		font-size: 50px;\r\n		color: #FFF;\r\n		user-select: none;\r\n	}\r\n</style>\r\n<script type=\'text/javascript\'>\r\n	$(\'.ab-show\').on(\'click\', function(){\r\n		check = $(\'.anwer-input-user\').val();\r\n		if (check == \'\') {\r\n			$(\'.anwer-input-user\').each(function(){\r\n				answer = $(this).attr(\'data-answer\');\r\n				$(this).val(answer);\r\n			});\r\n		} else {\r\n			$(\'.anwer-input-user\').each(function(){\r\n				$(this).val(\'\');\r\n			});\r\n		}\r\n	});\r\n\r\n	$(\'.answer-alert\').hide();\r\n	$(\'.ab-run\').on(\'click\', function(){\r\n		$(\'.anwer-input-user\').each(function(){\r\n			realAnswer = $(this).attr(\'data-answer\');\r\n			userAnswer = $(this).val();\r\n			if (realAnswer == userAnswer) {\r\n				$(\'.answer-alert\').html(\'Jawaban Benar!\').css({\'color\':\'#4caf04\'}).fadeIn();\r\n			} else {\r\n				$(\'.answer-alert\').html(\'Jawaban Salah!\').css({\'color\':\'#f44336\'}).fadeIn();\r\n			}\r\n		})\r\n	});\r\n	$(\'.answer-alert\').on(\'click\', function(){\r\n		$(\'.answer-alert\').fadeOut();\r\n	});\r\n</script>', '<button onclick=\"myFunction()\">Alert</button> <script> function myFunction() { var person = {   name: \'John\',  age: 50 }; alert(person.name + \" berumur \" + person.age); } </script>', 'yandy6man'),
(17, '<div class=\'q-learn\'>JS</div><div class=\'q-title\'>Event Javascript</div><div class=\'q-regular\'>Elemen &lt;button&gt; harus melakukan sesuatu ketika seseorang mengkliknya.<br></div>', '&lt;button <input class=\'anwer-input-user answer0\' data-answer=\'onclick\' maxlength=\'7\' size=\'7\'>=\'alert(\'Hello\')\'&gt;Click me&lt;/button&gt;<br><div><br></div><div><input type=\'hidden\' class=\'count-input\' value=\'1\'></div><div class=\'answer-alert\'></div>\r\n<style type=\'text/css\'>\r\n	.answer-alert {\r\n		position: fixed;\r\n		width: 100%;\r\n		height: 100%;\r\n		top: 0;\r\n		left: 0;\r\n		z-index: 99;\r\n		background: rgba(0,0,0,0.7);\r\n		display: grid;\r\n		align-items: center;\r\n		justify-content: center;\r\n		font-family: arial;\r\n		font-size: 50px;\r\n		color: #FFF;\r\n		user-select: none;\r\n	}\r\n</style>\r\n<script type=\'text/javascript\'>\r\n	$(\'.ab-show\').on(\'click\', function(){\r\n		check = $(\'.anwer-input-user\').val();\r\n		if (check == \'\') {\r\n			$(\'.anwer-input-user\').each(function(){\r\n				answer = $(this).attr(\'data-answer\');\r\n				$(this).val(answer);\r\n			});\r\n		} else {\r\n			$(\'.anwer-input-user\').each(function(){\r\n				$(this).val(\'\');\r\n			});\r\n		}\r\n	});\r\n\r\n	$(\'.answer-alert\').hide();\r\n	$(\'.ab-run\').on(\'click\', function(){\r\n		$(\'.anwer-input-user\').each(function(){\r\n			realAnswer = $(this).attr(\'data-answer\');\r\n			userAnswer = $(this).val();\r\n			if (realAnswer == userAnswer) {\r\n				$(\'.answer-alert\').html(\'Jawaban Benar!\').css({\'color\':\'#4caf04\'}).fadeIn();\r\n			} else {\r\n				$(\'.answer-alert\').html(\'Jawaban Salah!\').css({\'color\':\'#f44336\'}).fadeIn();\r\n			}\r\n		})\r\n	});\r\n	$(\'.answer-alert\').on(\'click\', function(){\r\n		$(\'.answer-alert\').fadeOut();\r\n	});\r\n</script>', '<button onclick=\"alert(\'hello\')\">Click me</button>', 'yandy6man'),
(18, '<div class=\'q-learn\'>JS</div><div class=\'q-title\'>Event Javascript</div><div class=\'q-regular\'>Ketika tombol diklik, fungsi &nbsp;<span class=\'q-code\'> myFunction </span>&nbsp; akan dieksekusi<br></div>', '&lt;button <input class=\'anwer-input-user answer0\' data-answer=\'onclick\' maxlength=\'7\' size=\'7\'> =\'<input class=\'anwer-input-user answer1\' data-answer=\'myFunction()\' maxlength=\'12\' size=\'12\'>\'&gt;Click me&lt;/button&gt;<br><div><br></div><div><input type=\'hidden\' class=\'count-input\' value=\'2\'></div><div class=\'answer-alert\'></div>\r\n<style type=\'text/css\'>\r\n	.answer-alert {\r\n		position: fixed;\r\n		width: 100%;\r\n		height: 100%;\r\n		top: 0;\r\n		left: 0;\r\n		z-index: 99;\r\n		background: rgba(0,0,0,0.7);\r\n		display: grid;\r\n		align-items: center;\r\n		justify-content: center;\r\n		font-family: arial;\r\n		font-size: 50px;\r\n		color: #FFF;\r\n		user-select: none;\r\n	}\r\n</style>\r\n<script type=\'text/javascript\'>\r\n	$(\'.ab-show\').on(\'click\', function(){\r\n		check = $(\'.anwer-input-user\').val();\r\n		if (check == \'\') {\r\n			$(\'.anwer-input-user\').each(function(){\r\n				answer = $(this).attr(\'data-answer\');\r\n				$(this).val(answer);\r\n			});\r\n		} else {\r\n			$(\'.anwer-input-user\').each(function(){\r\n				$(this).val(\'\');\r\n			});\r\n		}\r\n	});\r\n\r\n	$(\'.answer-alert\').hide();\r\n	$(\'.ab-run\').on(\'click\', function(){\r\n		$(\'.anwer-input-user\').each(function(){\r\n			realAnswer = $(this).attr(\'data-answer\');\r\n			userAnswer = $(this).val();\r\n			if (realAnswer == userAnswer) {\r\n				$(\'.answer-alert\').html(\'Jawaban Benar!\').css({\'color\':\'#4caf04\'}).fadeIn();\r\n			} else {\r\n				$(\'.answer-alert\').html(\'Jawaban Salah!\').css({\'color\':\'#f44336\'}).fadeIn();\r\n			}\r\n		})\r\n	});\r\n	$(\'.answer-alert\').on(\'click\', function(){\r\n		$(\'.answer-alert\').fadeOut();\r\n	});\r\n</script>', '<button onclick=\"myFunction()\">Click me</button>', 'yandy6man'),
(19, '<div class=\'q-learn\'>JS</div><div class=\'q-title\'>Event Javascript</div><div class=\'q-regular\'>Elemen &lt;div&gt; akan berubah menjadi merah saat seseorang menggerakkan mouse ke atasnya<br></div>', '&lt;div <input class=\'anwer-input-user answer0\' data-answer=\'onmouseover\' maxlength=\'11\' size=\'11\'>=\'this.style.backgroundColor=\'red\'\'&gt;myDIV.&lt;/div&gt;<br><div><br></div><div><input type=\'hidden\' class=\'count-input\' value=\'1\'></div><div class=\'answer-alert\'></div>\r\n<style type=\'text/css\'>\r\n	.answer-alert {\r\n		position: fixed;\r\n		width: 100%;\r\n		height: 100%;\r\n		top: 0;\r\n		left: 0;\r\n		z-index: 99;\r\n		background: rgba(0,0,0,0.7);\r\n		display: grid;\r\n		align-items: center;\r\n		justify-content: center;\r\n		font-family: arial;\r\n		font-size: 50px;\r\n		color: #FFF;\r\n		user-select: none;\r\n	}\r\n</style>\r\n<script type=\'text/javascript\'>\r\n	$(\'.ab-show\').on(\'click\', function(){\r\n		check = $(\'.anwer-input-user\').val();\r\n		if (check == \'\') {\r\n			$(\'.anwer-input-user\').each(function(){\r\n				answer = $(this).attr(\'data-answer\');\r\n				$(this).val(answer);\r\n			});\r\n		} else {\r\n			$(\'.anwer-input-user\').each(function(){\r\n				$(this).val(\'\');\r\n			});\r\n		}\r\n	});\r\n\r\n	$(\'.answer-alert\').hide();\r\n	$(\'.ab-run\').on(\'click\', function(){\r\n		$(\'.anwer-input-user\').each(function(){\r\n			realAnswer = $(this).attr(\'data-answer\');\r\n			userAnswer = $(this).val();\r\n			if (realAnswer == userAnswer) {\r\n				$(\'.answer-alert\').html(\'Jawaban Benar!\').css({\'color\':\'#4caf04\'}).fadeIn();\r\n			} else {\r\n				$(\'.answer-alert\').html(\'Jawaban Salah!\').css({\'color\':\'#f44336\'}).fadeIn();\r\n			}\r\n		})\r\n	});\r\n	$(\'.answer-alert\').on(\'click\', function(){\r\n		$(\'.answer-alert\').fadeOut();\r\n	});\r\n</script>', '<div onmouseover=\"this.style.backgroundColor=\'red\'\">myDIV.</div>', 'yandy6man'),
(20, '<div class=\'q-learn\'>JS</div><div class=\'q-title\'>String Javascript</div><div class=\'q-regular\'>Gunakan properti panjang untuk alert string dalam variabel txt<br></div>', '<div>var txt = \'Hello World!\';</div><div>var x = <input class=\'anwer-input-user answer0\' data-answer=\'txt.length\' maxlength=\'10\' size=\'10\'>;</div><div>alert(x);</div><div><br></div><div><input type=\'hidden\' class=\'count-input\' value=\'1\'></div><div class=\'answer-alert\'></div>\r\n<style type=\'text/css\'>\r\n	.answer-alert {\r\n		position: fixed;\r\n		width: 100%;\r\n		height: 100%;\r\n		top: 0;\r\n		left: 0;\r\n		z-index: 99;\r\n		background: rgba(0,0,0,0.7);\r\n		display: grid;\r\n		align-items: center;\r\n		justify-content: center;\r\n		font-family: arial;\r\n		font-size: 50px;\r\n		color: #FFF;\r\n		user-select: none;\r\n	}\r\n</style>\r\n<script type=\'text/javascript\'>\r\n	$(\'.ab-show\').on(\'click\', function(){\r\n		check = $(\'.anwer-input-user\').val();\r\n		if (check == \'\') {\r\n			$(\'.anwer-input-user\').each(function(){\r\n				answer = $(this).attr(\'data-answer\');\r\n				$(this).val(answer);\r\n			});\r\n		} else {\r\n			$(\'.anwer-input-user\').each(function(){\r\n				$(this).val(\'\');\r\n			});\r\n		}\r\n	});\r\n\r\n	$(\'.answer-alert\').hide();\r\n	$(\'.ab-run\').on(\'click\', function(){\r\n		$(\'.anwer-input-user\').each(function(){\r\n			realAnswer = $(this).attr(\'data-answer\');\r\n			userAnswer = $(this).val();\r\n			if (realAnswer == userAnswer) {\r\n				$(\'.answer-alert\').html(\'Jawaban Benar!\').css({\'color\':\'#4caf04\'}).fadeIn();\r\n			} else {\r\n				$(\'.answer-alert\').html(\'Jawaban Salah!\').css({\'color\':\'#f44336\'}).fadeIn();\r\n			}\r\n		})\r\n	});\r\n	$(\'.answer-alert\').on(\'click\', function(){\r\n		$(\'.answer-alert\').fadeOut();\r\n	});\r\n</script>', '<button onclick=\"myFunction()\">Click me</button> <script> function myFunction() { var txt = \"Hello World!\"; var x = txt.length; alert(x); } </script>', 'yandy6man');

-- --------------------------------------------------------

--
-- Struktur dari tabel `php_quest`
--

CREATE TABLE `php_quest` (
  `id_quest` int(25) NOT NULL,
  `quest` longtext NOT NULL,
  `answer` longtext NOT NULL,
  `result` longtext NOT NULL,
  `creator` varchar(25) NOT NULL
) ENGINE=InnoDB DEFAULT CHARSET=latin1;

--
-- Dumping data untuk tabel `php_quest`
--

INSERT INTO `php_quest` (`id_quest`, `quest`, `answer`, `result`, `creator`) VALUES
(1, '<div class=\'q-learn\'>PHP</div><div class=\'q-title\'>Membuat Variabel PHP</div><div class=\'q-regular\'>&nbsp;Dalam PHP, variabel dimulai dengan tanda $, diikuti dengan nama variabel</div>', '<div>&lt;?php</div><div><input class=\'anwer-input-user answer0\' data-answer=\'$\' maxlength=\'1\' size=\'1\'>txt = \'You\';</div><div>echo \'I love\' . $txt . \'!\';</div><div>?&gt;</div><div><br></div><div><input type=\'hidden\' class=\'count-input\' value=\'1\'></div><script type=\'text/javascript\'>\r\n  $(\'.ab-show\').on(\'click\', function(){\r\n   check = $(\'.anwer-input-user\').val();\r\n   if (check == \'\') {\r\n      $(\'.anwer-input-user\').each(function(){\r\n       answer = $(this).attr(\'data-answer\');\r\n       $(this).val(answer);\r\n      });\r\n   } else {\r\n      $(\'.anwer-input-user\').each(function(){\r\n       $(this).val(\'\');\r\n      });\r\n   }\r\n });\r\n</script>', 'I love You !', 'yandy6man'),
(2, '<div class=\'q-learn\'>PHP</div><div class=\'q-title\'>Menampilkan Ouput dengan echo</div><div class=\'q-regular\'>&nbsp;Contoh berikut menunjukkan bagaimana output teks dengan perintah echo</div>', '<div>&lt;?php</div><div><input class=\'anwer-input-user answer0\' data-answer=\'echo\' maxlength=\'4\' size=\'4\'> \'Hello world!\';</div><div>?&gt;</div><div><br></div><div><input type=\'hidden\' class=\'count-input\' value=\'1\'></div><script type=\'text/javascript\'>\r\n $(\'.ab-show\').on(\'click\', function(){\r\n   check = $(\'.anwer-input-user\').val();\r\n   if (check == \'\') {\r\n      $(\'.anwer-input-user\').each(function(){\r\n       answer = $(this).attr(\'data-answer\');\r\n       $(this).val(answer);\r\n      });\r\n   } else {\r\n      $(\'.anwer-input-user\').each(function(){\r\n       $(this).val(\'\');\r\n      });\r\n   }\r\n });\r\n</script>', 'Hello word!', 'yandy6man'),
(3, '<div class=\'q-learn\'>PHP</div><div class=\'q-title\'>Membuat Output teks dengan print</div><div class=\'q-regular\'>&nbsp;Contoh berikut menunjukkan bagaimana output teks dengan perintah print .</div>', '<div><div>&lt;?php&nbsp;</div><div><input class=\'anwer-input-user answer0\' data-answer=\'print\' maxlength=\'5\' size=\'5\'> = \'Hello world!\';&nbsp;</div><div>?&gt;</div></div><div><br></div><div><input type=\'hidden\' class=\'count-input\' value=\'1\'></div><script type=\'text/javascript\'>\r\n $(\'.ab-show\').on(\'click\', function(){\r\n   check = $(\'.anwer-input-user\').val();\r\n   if (check == \'\') {\r\n      $(\'.anwer-input-user\').each(function(){\r\n       answer = $(this).attr(\'data-answer\');\r\n       $(this).val(answer);\r\n      });\r\n   } else {\r\n      $(\'.anwer-input-user\').each(function(){\r\n       $(this).val(\'\');\r\n      });\r\n   }\r\n });\r\n</script>', 'Hello word!', 'yandy6man'),
(4, '<div class=\'q-learn\'>PHP</div><div class=\'q-title\'>Membuat PHP bertipe STRING</div><div class=\'q-regular\'>&nbsp;Cara penggunaan PHP bertipe String.</div><div class=\'q-regular\'>Sebuah string dapat berupa teks dalam tanda kutip.<br></div>', '<div><div>&lt;?php&nbsp;</div><div><input class=\'anwer-input-user answer0\' data-answer=\'$a\' maxlength=\'2\' size=\'2\'> = \'Hello world!\';&nbsp;</div><div>?&gt;</div></div><div><br></div><div><input type=\'hidden\' class=\'count-input\' value=\'1\'></div><script type=\'text/javascript\'>\r\n  $(\'.ab-show\').on(\'click\', function(){\r\n   check = $(\'.anwer-input-user\').val();\r\n   if (check == \'\') {\r\n      $(\'.anwer-input-user\').each(function(){\r\n       answer = $(this).attr(\'data-answer\');\r\n       $(this).val(answer);\r\n      });\r\n   } else {\r\n      $(\'.anwer-input-user\').each(function(){\r\n       $(this).val(\'\');\r\n      });\r\n   }\r\n });\r\n</script>', '', 'yandy6man'),
(5, '<div class=\'q-learn\'>PHP</div><div class=\'q-title\'>Membuat PHP bertipe INTEGER</div><div class=\'q-regular\'>&nbsp;Penggunaan PHP bertipe Integer.</div><div class=\'q-regular\'>Contoh penggunaan PHP bertipe Integer dengan menampilkan suatu nilai Integer.</div>', '<div><div>&lt;?php&nbsp;</div><div>$a = <input class=\'anwer-input-user answer0\' data-answer=\' 10.0291 \' maxlength=\'9\' size=\'9\'>;&nbsp;</div><div>?&gt;</div></div><div><br></div><div><input type=\'hidden\' class=\'count-input\' value=\'1\'></div><script type=\'text/javascript\'>\r\n $(\'.ab-show\').on(\'click\', function(){\r\n   check = $(\'.anwer-input-user\').val();\r\n   if (check == \'\') {\r\n      $(\'.anwer-input-user\').each(function(){\r\n       answer = $(this).attr(\'data-answer\');\r\n       $(this).val(answer);\r\n      });\r\n   } else {\r\n      $(\'.anwer-input-user\').each(function(){\r\n       $(this).val(\'\');\r\n      });\r\n   }\r\n });\r\n</script>', '', 'yandy6man'),
(6, '<div class=\'q-learn\'>PHP</div><div class=\'q-title\'>Membuat PHP dengan fungsi IF</div><div class=\'q-regular\'>&nbsp;Menampilkan fungsi IF jika $y lebih besar dari $x maka akan menampilkan output \'Hai Gan!\'</div>', '<div><div>&lt;?php&nbsp;</div><div><div>$y = 50;</div><div>$x = 10;</div></div><div><br></div><div><input class=\'anwer-input-user answer0\' data-answer=\'if\' maxlength=\'2\' size=\'2\'> <input class=\'anwer-input-user answer1\' data-answer=\'($y\' maxlength=\'3\' size=\'3\'> &gt; <input class=\'anwer-input-user answer2\' data-answer=\'$x)\' maxlength=\'3\' size=\'3\'> {</div><div>&nbsp; echo \'Hai Gan!\';</div><div>}</div><div>?&gt;</div></div><div><br></div><div><input type=\'hidden\' class=\'count-input\' value=\'3\'></div><script type=\'text/javascript\'>\r\n  $(\'.ab-show\').on(\'click\', function(){\r\n   check = $(\'.anwer-input-user\').val();\r\n   if (check == \'\') {\r\n      $(\'.anwer-input-user\').each(function(){\r\n       answer = $(this).attr(\'data-answer\');\r\n       $(this).val(answer);\r\n      });\r\n   } else {\r\n      $(\'.anwer-input-user\').each(function(){\r\n       $(this).val(\'\');\r\n      });\r\n   }\r\n });\r\n</script>', 'Hai Gan!', 'yandy6man'),
(7, '<div class=\'q-learn\'>PHP</div><div class=\'q-title\'>Membuat PHP dengan fungsi IF ELSE</div><div class=\'q-regular\'>&nbsp;Menampilkan fungsi IF ELSE.</div><div class=\'q-regular\'>Jika $a sama dengan $b maka akan menampilkan output \'YES\' dan jika $a tidak sama dengan $b maka akan menampilkan output \'NO\'.\r\nKarena nilai $a tidak sama dengan nilai $b maka akan menampilkan echo \'No\'</div>', '<div><div><div>$a = 50;</div><div>$b = 10;</div><div><br></div><div><input class=\'anwer-input-user answer0\' data-answer=\'if\' maxlength=\'2\' size=\'2\'></div><div>&nbsp;($a == $b) {</div><div>&nbsp; echo \'Yes\';</div><div>}&nbsp;</div><div><input class=\'anwer-input-user answer1\' data-answer=\'else\' maxlength=\'4\' size=\'4\'></div><div>&nbsp;{</div><div>&nbsp; echo \'No\';</div><div>}</div></div></div><div><input type=\'hidden\' class=\'count-input\' value=\'2\'></div><script type=\'text/javascript\'>\r\n $(\'.ab-show\').on(\'click\', function(){\r\n   check = $(\'.anwer-input-user\').val();\r\n   if (check == \'\') {\r\n      $(\'.anwer-input-user\').each(function(){\r\n       answer = $(this).attr(\'data-answer\');\r\n       $(this).val(answer);\r\n      });\r\n   } else {\r\n      $(\'.anwer-input-user\').each(function(){\r\n       $(this).val(\'\');\r\n      });\r\n   }\r\n });\r\n</script>', 'No', 'yandy6man'),
(8, '<div class=\'q-learn\'>PHP</div><div class=\'q-title\'>Membuat PHP dengan fungsi IF ELSEIF ELSE</div><div class=\'q-regular\'>&nbsp;Menampilkan fungsi IF ELSEIF ELSE.</div><div class=\'q-regular\'>Jika $a sama dengan $b maka akan menampilkan output \'1\' , jika $a lebih besar dari $b akan menampilkan output \'2\' , dan jika kedua perintah tersebut tidak dijalankan maka akan menampilkan output \'3\'.</div>', '<div><div><div>$a = 50;</div><div>$b = 10;</div><div><br></div><div><input class=\'anwer-input-user answer0\' data-answer=\'if\' maxlength=\'2\' size=\'2\'></div><div>&nbsp;($a == $b) {</div><div>&nbsp; echo \'1\';</div><div>}&nbsp;</div><div><input class=\'anwer-input-user answer1\' data-answer=\'elseif\' maxlength=\'6\' size=\'6\'></div><div>&nbsp;{</div><div>&nbsp; echo \'2\';</div><div>}</div></div></div><div><div><input class=\'anwer-input-user answer2\' data-answer=\'else\' maxlength=\'4\' size=\'4\'></div><div>&nbsp;{</div><div>&nbsp; echo \'3\';</div><div>}</div></div><div><input type=\'hidden\' class=\'count-input\' value=\'3\'></div><script type=\'text/javascript\'>\r\n $(\'.ab-show\').on(\'click\', function(){\r\n   check = $(\'.anwer-input-user\').val();\r\n   if (check == \'\') {\r\n      $(\'.anwer-input-user\').each(function(){\r\n       answer = $(this).attr(\'data-answer\');\r\n       $(this).val(answer);\r\n      });\r\n   } else {\r\n      $(\'.anwer-input-user\').each(function(){\r\n       $(this).val(\'\');\r\n      });\r\n   }\r\n });\r\n</script>', '3', 'yandy6man'),
(9, '<div class=\'q-learn\'>PHP</div><div class=\'q-title\'>Membuat PHP dengan fungsi SWITCH</div><div class=\'q-regular\'>&nbsp;Menampilkan fungsi SWITCH dan CASE.</div><div class=\'q-regular\'>Jika $warna merah maka akan menampilkan output \'Hallo\' dan jika $warna hijau maka akan menampilkan output \'Selamat Datang\'.</div>', '<div><div>&lt;?php</div><div><input class=\'anwer-input-user answer0\' data-answer=\'switch\' maxlength=\'6\' size=\'6\'></div><div>&nbsp;($warna) {</div><div>&nbsp;&nbsp;</div><div><input class=\'anwer-input-user answer1\' data-answer=\'case\' maxlength=\'4\' size=\'4\'></div><div>&nbsp;\'merah\':</div><div>&nbsp; &nbsp; echo \'Hallo\';</div><div>&nbsp;&nbsp;</div><div><input class=\'anwer-input-user answer2\' data-answer=\'case\' maxlength=\'4\' size=\'4\'></div><div>&nbsp;\'hijau\':</div><div>&nbsp; &nbsp; echo \'Selamat Datang\';</div><div>}</div><div>?&gt;</div></div><div><input type=\'hidden\' class=\'count-input\' value=\'3\'></div><script type=\'text/javascript\'>\r\n  $(\'.ab-show\').on(\'click\', function(){\r\n   check = $(\'.anwer-input-user\').val();\r\n   if (check == \'\') {\r\n      $(\'.anwer-input-user\').each(function(){\r\n       answer = $(this).attr(\'data-answer\');\r\n       $(this).val(answer);\r\n      });\r\n   } else {\r\n      $(\'.anwer-input-user\').each(function(){\r\n       $(this).val(\'\');\r\n      });\r\n   }\r\n });\r\n</script>', '', 'yandy6man'),
(10, '<div class=\'q-learn\'>PHP</div><div class=\'q-title\'>Membuat PHP dengan fungsi SWITCH contoh 2</div><div class=\'q-regular\'>&nbsp;Menampilkan fungsi SWITCH , CASE dan DEFAULT.</div><div class=\'q-regular\'>Menampilkan output \'TIDAK\' jika $warna bukan \'merah\' atau \'hijau\'.</div>', '<div><div>&lt;?php</div><div><input class=\'anwer-input-user answer0\' data-answer=\'switch\' maxlength=\'6\' size=\'6\'></div><div>&nbsp;($warna) {</div><div>&nbsp;&nbsp;</div><div><input class=\'anwer-input-user answer1\' data-answer=\'case\' maxlength=\'4\' size=\'4\'></div><div>&nbsp;\'merah\':</div><div>&nbsp; &nbsp; echo \'Hallo\';</div><div>&nbsp;&nbsp;</div><div><input class=\'anwer-input-user answer2\' data-answer=\'case\' maxlength=\'4\' size=\'4\'></div><div>&nbsp;\'hijau\':</div><div>&nbsp; &nbsp; echo \'Selamat Datang\';</div><div>}</div><div><div><input class=\'anwer-input-user answer3\' data-answer=\'default\' maxlength=\'7\' size=\'7\'>:</div><div>&nbsp; &nbsp; echo \'Tidak\';</div></div><div>?&gt;</div></div><div><input type=\'hidden\' class=\'count-input\' value=\'4\'></div><script type=\'text/javascript\'>\r\n $(\'.ab-show\').on(\'click\', function(){\r\n   check = $(\'.anwer-input-user\').val();\r\n   if (check == \'\') {\r\n      $(\'.anwer-input-user\').each(function(){\r\n       answer = $(this).attr(\'data-answer\');\r\n       $(this).val(answer);\r\n      });\r\n   } else {\r\n      $(\'.anwer-input-user\').each(function(){\r\n       $(this).val(\'\');\r\n      });\r\n   }\r\n });\r\n</script>', '', 'yandy6man'),
(11, '<div class=\'q-learn\'>PHP</div><div class=\'q-title\'>Membuat PHP dengan fungsi WHILE LOOP</div><div class=\'q-regular\'>&nbsp;Menampilkan $a selama $a kurang dari 7.</div>', '<div><div>&lt;?php</div><div>$a = 1;&nbsp;</div><div><br></div><div><input class=\'anwer-input-user answer0\' data-answer=\'while\' maxlength=\'5\' size=\'5\'></div><div>&nbsp;($a &lt; 7)&nbsp;</div><div><input class=\'anwer-input-user answer1\' data-answer=\'{\' maxlength=\'1\' size=\'1\'></div><div><br></div><div>&nbsp; echo $a;</div><div>&nbsp; $a++;</div><div><br></div><div><input class=\'anwer-input-user answer2\' data-answer=\'}\' maxlength=\'1\' size=\'1\'></div><div>?&gt;</div></div><div><input type=\'hidden\' class=\'count-input\' value=\'3\'></div><script type=\'text/javascript\'>\r\n  $(\'.ab-show\').on(\'click\', function(){\r\n   check = $(\'.anwer-input-user\').val();\r\n   if (check == \'\') {\r\n      $(\'.anwer-input-user\').each(function(){\r\n       answer = $(this).attr(\'data-answer\');\r\n       $(this).val(answer);\r\n      });\r\n   } else {\r\n      $(\'.anwer-input-user\').each(function(){\r\n       $(this).val(\'\');\r\n      });\r\n   }\r\n });\r\n</script>', '1234567', 'yandy6man'),
(12, '<div class=\'q-learn\'>PHP</div><div class=\'q-title\'>Membuat PHP dengan fungsi DO WHILE LOOP</div><div class=\'q-regular\'>&nbsp;Menampilkan $a selama $a kurang dari 7 namun berbeda dari tutorial sebelumnya di tutorial menggunakan fungsi DO namun fungsinya sama saja dengan tutorial sebelumnya.</div>', '<div><div>&lt;?php</div><div><div>$a = 1;&nbsp;</div><div><br></div><div><input class=\'anwer-input-user answer0\' data-answer=\'do\' maxlength=\'2\' size=\'2\'></div><div>&nbsp;{</div><div>&nbsp; &nbsp; echo $a;</div><div>&nbsp; &nbsp; $a++;</div><div>}&nbsp;</div><div><input class=\'anwer-input-user answer1\' data-answer=\'while\' maxlength=\'5\' size=\'5\'></div><div>&nbsp;($a&lt; 6);</div></div><div>?&gt;</div></div><div><input type=\'hidden\' class=\'count-input\' value=\'2\'></div><script type=\'text/javascript\'>\r\n $(\'.ab-show\').on(\'click\', function(){\r\n   check = $(\'.anwer-input-user\').val();\r\n   if (check == \'\') {\r\n      $(\'.anwer-input-user\').each(function(){\r\n       answer = $(this).attr(\'data-answer\');\r\n       $(this).val(answer);\r\n      });\r\n   } else {\r\n      $(\'.anwer-input-user\').each(function(){\r\n       $(this).val(\'\');\r\n      });\r\n   }\r\n });\r\n</script>', '123456', 'yandy6man'),
(13, '<div class=\'q-learn\'>PHP</div><div class=\'q-title\'>Membuat PHP dengan fungsi perulangan dengan FOR LOOP.</div><div class=\'q-regular\'>&nbsp;Menampilkan fungsi perulangan dari 0 hingga 9 baris.</div>', '<div><div>&lt;?php</div><div><div><input class=\'anwer-input-user answer0\' data-answer=\'for\' maxlength=\'3\' size=\'3\'> ($x = 0; $x &lt;= 10; $x++) {</div><div>&nbsp; &nbsp; echo \'The number is: <input class=\'anwer-input-user answer1\' data-answer=\'$x\' maxlength=\'2\' size=\'2\'> &lt;br&gt; \';</div><div>}</div></div><div>?&gt;</div></div><div><input type=\'hidden\' class=\'count-input\' value=\'2\'></div><script type=\'text/javascript\'>\r\n $(\'.ab-show\').on(\'click\', function(){\r\n   check = $(\'.anwer-input-user\').val();\r\n   if (check == \'\') {\r\n      $(\'.anwer-input-user\').each(function(){\r\n       answer = $(this).attr(\'data-answer\');\r\n       $(this).val(answer);\r\n      });\r\n   } else {\r\n      $(\'.anwer-input-user\').each(function(){\r\n       $(this).val(\'\');\r\n      });\r\n   }\r\n });\r\n</script>', '<span>The number is : 0</span><br> <span>The number is : 1</span><br> <span>The number is : 2</span><br> <span>The number is : 3</span><br> <span>The number is : 4</span><br> <span>The number is : 5</span><br> <span>The number is : 6</span><br> <span>The number is : 7</span><br> The number is : 8</span><br> <span>The number is : 9</span>', 'yandy6man'),
(14, '<div class=\'q-learn\'>PHP</div><div class=\'q-title\'>Membuat PHP dengan fungsi perulangan dengan FOREACH</div><div class=\'q-regular\'>&nbsp;Menampilkan fungsi perulangan dengan FOREACH AS dalam array dan menggunakan $warna.</div>', '<div><div>&lt;?php</div><div><div>$warna = array(\'merah\', \'hijau\', \'biru\', \'kuning\');&nbsp;</div><div><br></div><div><input class=\'anwer-input-user answer0\' data-answer=\'foreach\' maxlength=\'7\' size=\'7\'> ($warna <input class=\'anwer-input-user answer1\' data-answer=\'as\' maxlength=\'2\' size=\'2\'> $x) {</div><div>&nbsp; echo $x;</div><div>}</div></div><div>?&gt;</div></div><div><input type=\'hidden\' class=\'count-input\' value=\'2\'></div><script type=\'text/javascript\'>\r\n  $(\'.ab-show\').on(\'click\', function(){\r\n   check = $(\'.anwer-input-user\').val();\r\n   if (check == \'\') {\r\n      $(\'.anwer-input-user\').each(function(){\r\n       answer = $(this).attr(\'data-answer\');\r\n       $(this).val(answer);\r\n      });\r\n   } else {\r\n      $(\'.anwer-input-user\').each(function(){\r\n       $(this).val(\'\');\r\n      });\r\n   }\r\n });\r\n</script>', 'merah hijau biru kuning', 'yandy6man'),
(15, '<div class=\'q-learn\'>PHP</div><div class=\'q-title\'>Membuat PHP dengan FUNCTION</div><div class=\'q-regular\'>&nbsp;Membuat FUNCTION bernama myFunction dan menampilkan output \'Hallo Word\'.</div>', '<div><div>&lt;?php</div><div><div><input class=\'anwer-input-user answer0\' data-answer=\'function myFunction()\' maxlength=\'21\' size=\'21\'> {</div><div>&nbsp; echo \'Hallo Word\';</div><div>}</div></div><div>?&gt;</div></div><div><input type=\'hidden\' class=\'count-input\' value=\'1\'></div><script type=\'text/javascript\'>\r\n $(\'.ab-show\').on(\'click\', function(){\r\n   check = $(\'.anwer-input-user\').val();\r\n   if (check == \'\') {\r\n      $(\'.anwer-input-user\').each(function(){\r\n       answer = $(this).attr(\'data-answer\');\r\n       $(this).val(answer);\r\n      });\r\n   } else {\r\n      $(\'.anwer-input-user\').each(function(){\r\n       $(this).val(\'\');\r\n      });\r\n   }\r\n });\r\n</script>', 'Hallo Word', 'yandy6man'),
(16, '<div class=\'q-learn\'>PHP</div><div class=\'q-title\'>Membuat PHP dengan FUNCTION</div><div class=\'q-regular\'>&nbsp;Menampilkan FUNCTION dengan fungsi bernama myFunction</div>', '<div>&lt;?php</div><div>function myFunction() {</div><div>&nbsp; echo \'Hai Gan\';</div><div>}</div><div><br></div><div><br></div><div><input class=\'anwer-input-user answer0\' data-answer=\'myFunction();\' maxlength=\'13\' size=\'13\'></div><div>?&gt;</div><div><br></div><div><input type=\'hidden\' class=\'count-input\' value=\'1\'></div><script type=\'text/javascript\'>\r\n	$(\'.ab-show\').on(\'click\', function(){\r\n		check = $(\'.anwer-input-user\').val();\r\n		if (check == \'\') {\r\n			$(\'.anwer-input-user\').each(function(){\r\n				answer = $(this).attr(\'data-answer\');\r\n				$(this).val(answer);\r\n			});\r\n		} else {\r\n			$(\'.anwer-input-user\').each(function(){\r\n				$(this).val(\'\');\r\n			});\r\n		}\r\n	});\r\n</script>', 'Hai Gan', 'yandy6man'),
(17, '<div class=\'q-learn\'>PHP</div><div class=\'q-title\'>Membuat PHP dengan FUNCTION</div><div class=\'q-regular\'>&nbsp;Menampilkan FUNCTION dengan dua parameter dan memanggil parameter pertama.</div>', '<div>&lt;?php</div><div><div>function myFunction($nama, $lnama) {</div><div>&nbsp; echo <input class=\'anwer-input-user answer0\' data-answer=\'$nama\' maxlength=\'5\' size=\'5\'>;</div><div>}</div></div><div>?&gt;</div><div><br></div><div><input type=\'hidden\' class=\'count-input\' value=\'1\'></div><script type=\'text/javascript\'>\r\n	$(\'.ab-show\').on(\'click\', function(){\r\n		check = $(\'.anwer-input-user\').val();\r\n		if (check == \'\') {\r\n			$(\'.anwer-input-user\').each(function(){\r\n				answer = $(this).attr(\'data-answer\');\r\n				$(this).val(answer);\r\n			});\r\n		} else {\r\n			$(\'.anwer-input-user\').each(function(){\r\n				$(this).val(\'\');\r\n			});\r\n		}\r\n	});\r\n</script>', '', 'yandy6man'),
(18, '<div class=\'q-learn\'>PHP</div><div class=\'q-title\'>Membuat PHP dengan fungsi SORTING ARRAY</div><div class=\'q-regular\'>&nbsp;Menampilkan dengan&nbsp;menggunakan metode larik yang benar untuk mengurutkan array $ warna menurut abjad.</div>', '<div>&lt;?php</div><div><div>$warna = array(\'merah\', \'pink\', \'hijau\', \'hitam\');&nbsp;</div><div><br></div><div><input class=\'anwer-input-user answer0\' data-answer=\'sort($warna);\' maxlength=\'13\' size=\'13\'></div></div><div>?&gt;</div><div><br></div><div><input type=\'hidden\' class=\'count-input\' value=\'1\'></div><script type=\'text/javascript\'>\r\n	$(\'.ab-show\').on(\'click\', function(){\r\n		check = $(\'.anwer-input-user\').val();\r\n		if (check == \'\') {\r\n			$(\'.anwer-input-user\').each(function(){\r\n				answer = $(this).attr(\'data-answer\');\r\n				$(this).val(answer);\r\n			});\r\n		} else {\r\n			$(\'.anwer-input-user\').each(function(){\r\n				$(this).val(\'\');\r\n			});\r\n		}\r\n	});\r\n</script>', 'hijau hitam merah pink', 'yandy6man'),
(19, '<div class=\'q-learn\'>PHP</div><div class=\'q-title\'>Membuat PHP dengan fungsi SORTING ARRAY</div><div class=\'q-regular\'>&nbsp;Menampilkan fungsi array asosiatif yang berisi usia Peter, Ben dan Joe.</div>', '<div>&lt;?php</div><div><div>$age = array(\'Ramadhan\' <input class=\'anwer-input-user answer0\' data-answer=\'=&gt;\' maxlength=\'5\' size=\'5\'> \'17\', \'Yandi\' <input class=\'anwer-input-user answer1\' data-answer=\'=&gt;\' maxlength=\'5\' size=\'5\'> \'18\', \'Asep\' <input class=\'anwer-input-user answer2\' data-answer=\'=&gt;\' maxlength=\'5\' size=\'5\'> \'17\');</div></div><div>?&gt;</div><div><br></div><div><input type=\'hidden\' class=\'count-input\' value=\'3\'></div><script type=\'text/javascript\'>\r\n	$(\'.ab-show\').on(\'click\', function(){\r\n		check = $(\'.anwer-input-user\').val();\r\n		if (check == \'\') {\r\n			$(\'.anwer-input-user\').each(function(){\r\n				answer = $(this).attr(\'data-answer\');\r\n				$(this).val(answer);\r\n			});\r\n		} else {\r\n			$(\'.anwer-input-user\').each(function(){\r\n				$(this).val(\'\');\r\n			});\r\n		}\r\n	});\r\n</script>', '', 'yandy6man'),
(20, '<div class=\'q-learn\'>PHP</div><div class=\'q-title\'>Membuat PHP dengan fungsi SORTING ARRAY</div><div class=\'q-regular\'>&nbsp;Menampilkan menggunakan metode larik yang benar untuk mengurutkan larik $ umur sesuai dengan nilainya.</div>', '<div>&lt;?php</div><div><div><div>$umur = array(\'Ramadhan\' =&gt; \'17\', \'Yandi\' =&gt; \'18\', \'Asep\' =&gt; \'17\');</div><div><input class=\'anwer-input-user answer0\' data-answer=\'asort($umur);\' maxlength=\'13\' size=\'13\'></div></div></div><div>?&gt;</div><div><br></div><div><input type=\'hidden\' class=\'count-input\' value=\'1\'></div><script type=\'text/javascript\'>\r\n	$(\'.ab-show\').on(\'click\', function(){\r\n		check = $(\'.anwer-input-user\').val();\r\n		if (check == \'\') {\r\n			$(\'.anwer-input-user\').each(function(){\r\n				answer = $(this).attr(\'data-answer\');\r\n				$(this).val(answer);\r\n			});\r\n		} else {\r\n			$(\'.anwer-input-user\').each(function(){\r\n				$(this).val(\'\');\r\n			});\r\n		}\r\n	});\r\n</script>', '17 17 18', 'yandy6man');

-- --------------------------------------------------------

--
-- Struktur dari tabel `sql_quest`
--

CREATE TABLE `sql_quest` (
  `id_quest` int(25) NOT NULL,
  `quest` longtext NOT NULL,
  `answer` longtext NOT NULL,
  `result` longtext NOT NULL,
  `creator` varchar(25) NOT NULL
) ENGINE=InnoDB DEFAULT CHARSET=latin1;

--
-- Dumping data untuk tabel `sql_quest`
--

INSERT INTO `sql_quest` (`id_quest`, `quest`, `answer`, `result`, `creator`) VALUES
(1, '<div class=\'q-learn\'>SQL</div><div class=\'q-title\'>Menampilkan Data</div><div class=\'q-regular\'>&nbsp;Masukkan pernyataan yang hilang untuk mendapatkan semua kolom dari tabel Customer</div>', '<input class=\'anwer-input-user answer0\' data-answer=\'SELECT\' maxlength=\'6\' size=\'6\'> * FROM Customer;<div><br><div><input type=\'hidden\' class=\'count-input\' value=\'1\'></div></div><script type=\'text/javascript\'>\r\n	$(\'.ab-show\').on(\'click\', function(){\r\n		check = $(\'.anwer-input-user\').val();\r\n		if (check == \'\') {\r\n			$(\'.anwer-input-user\').each(function(){\r\n				answer = $(this).attr(\'data-answer\');\r\n				$(this).val(answer);\r\n			});\r\n		} else {\r\n			$(\'.anwer-input-user\').each(function(){\r\n				$(this).val(\'\');\r\n			});\r\n		}\r\n	});\r\n</script>', '<div style=\"font-family:monospace\">+----------------------------------+<br>|&nbsp;id&nbsp;|&nbsp;name&nbsp;&nbsp;|&nbsp;city&nbsp;&nbsp;&nbsp;&nbsp;|&nbsp;country&nbsp;&nbsp;&nbsp;|<br>+----------------------------------+<br>|&nbsp;1&nbsp;&nbsp;|&nbsp;Ujang&nbsp;|&nbsp;Cianjur&nbsp;|&nbsp;Indonesia&nbsp;|<br>|&nbsp;2&nbsp;&nbsp;|&nbsp;Asep&nbsp;&nbsp;|&nbsp;Bandung&nbsp;|&nbsp;Indonesia&nbsp;|<br>+----------------------------------+<br><div>', 'yandy6man'),
(2, '<div class=\'q-learn\'>SQL</div><div class=\'q-title\'>Menampilkan Data</div><div class=\'q-regular\'>Tulis pernyataan yang akan memilih kolom &nbsp;<span class=\'q-code\'> City </span>&nbsp; dari tabel &nbsp;<span class=\'q-code\'> Customer </span>&nbsp;<br></div>', '<input class=\'anwer-input-user answer0\' data-answer=\'SELECT\' maxlength=\'6\' size=\'6\'> <input class=\'anwer-input-user answer1\' data-answer=\'City\' maxlength=\'4\' size=\'4\'> <input class=\'anwer-input-user answer2\' data-answer=\'FROM\' maxlength=\'4\' size=\'4\'> Customer;<div><br></div><div><input type=\'hidden\' class=\'count-input\' value=\'3\'></div><script type=\'text/javascript\'>\r\n	$(\'.ab-show\').on(\'click\', function(){\r\n		check = $(\'.anwer-input-user\').val();\r\n		if (check == \'\') {\r\n			$(\'.anwer-input-user\').each(function(){\r\n				answer = $(this).attr(\'data-answer\');\r\n				$(this).val(answer);\r\n			});\r\n		} else {\r\n			$(\'.anwer-input-user\').each(function(){\r\n				$(this).val(\'\');\r\n			});\r\n		}\r\n	});\r\n</script>', '<div style=\"font-family:monospace\"> +---------+<br> |&nbsp;city&nbsp;&nbsp;&nbsp;&nbsp;|<br> +---------+<br> |&nbsp;Cianjur&nbsp;|<br> |&nbsp;Bandung&nbsp;|<br> +---------+<br> <div>', 'yandy6man'),
(3, '<div class=\'q-learn\'>SQL</div><div class=\'q-title\'>Menampilkan Data</div><div class=\'q-regular\'>Pilih semua nilai yang berbeda dari kolom &nbsp;<span class=\'q-code\'> Country </span>&nbsp; di tabel &nbsp;<span class=\'q-code\'> Customer </span>&nbsp;<br></div>', '<input class=\'anwer-input-user answer0\' data-answer=\'SELECT\' maxlength=\'6\' size=\'6\'> <input class=\'anwer-input-user answer1\' data-answer=\'DISTINCT\' maxlength=\'8\' size=\'8\'> Country FROM Customer;<div><br></div><div><input type=\'hidden\' class=\'count-input\' value=\'2\'></div><script type=\'text/javascript\'>\r\n	$(\'.ab-show\').on(\'click\', function(){\r\n		check = $(\'.anwer-input-user\').val();\r\n		if (check == \'\') {\r\n			$(\'.anwer-input-user\').each(function(){\r\n				answer = $(this).attr(\'data-answer\');\r\n				$(this).val(answer);\r\n			});\r\n		} else {\r\n			$(\'.anwer-input-user\').each(function(){\r\n				$(this).val(\'\');\r\n			});\r\n		}\r\n	});\r\n</script>', '<div style=\"font-family:monospace\"> +-----------+<br> |&nbsp;country&nbsp;&nbsp;&nbsp;|<br> +-----------+<br> |&nbsp;Indonesia&nbsp;|<br> |&nbsp;Indonesia&nbsp;|<br> +-----------+<br> <div>', 'yandy6man'),
(4, '<div class=\'q-learn\'>SQL</div><div class=\'q-title\'>Menampilkan Data</div><div class=\'q-regular\'>Pilih semua &nbsp;<i> &nbsp;<b> records </b>&nbsp; </i>&nbsp; di mana kolom &nbsp;<span class=\'q-code\'> City </span>&nbsp; memiliki nilai \'Berlin\'.<br></div>', 'SELECT * FROM Customers<div><input class=\'anwer-input-user answer0\' data-answer=\'WHERE\' maxlength=\'5\' size=\'5\'> <input class=\'anwer-input-user answer1\' data-answer=\'City\' maxlength=\'4\' size=\'4\'> = <input class=\'anwer-input-user answer2\' data-answer=\'\'Berlin\'\' maxlength=\'8\' size=\'8\'>;</div><div><br></div><div><input type=\'hidden\' class=\'count-input\' value=\'3\'></div><script type=\'text/javascript\'>\r\n	$(\'.ab-show\').on(\'click\', function(){\r\n		check = $(\'.anwer-input-user\').val();\r\n		if (check == \'\') {\r\n			$(\'.anwer-input-user\').each(function(){\r\n				answer = $(this).attr(\'data-answer\');\r\n				$(this).val(answer);\r\n			});\r\n		} else {\r\n			$(\'.anwer-input-user\').each(function(){\r\n				$(this).val(\'\');\r\n			});\r\n		}\r\n	});\r\n</script>', '<div style=\"font-family:monospace\"> +--------+<br> |&nbsp;City&nbsp;&nbsp;&nbsp;|<br>+--------+<br> |&nbsp;Berlin&nbsp;|<br> +--------+<br> <div>', 'yandy6man'),
(5, '<div class=\'q-learn\'>SQL</div><div class=\'q-title\'>Menampilkan Data</div><div class=\'q-regular\'>Pilih semua &nbsp;<b> records </b>&nbsp; di mana kolom &nbsp;<span class=\'q-code\'> City </span>&nbsp; bukan bernilai \'Berlin\'.<br></div>', 'SELECT * FROM Customers<br><div><input class=\'anwer-input-user answer0\' data-answer=\'WHERE\' maxlength=\'5\' size=\'5\'> <input class=\'anwer-input-user answer1\' data-answer=\'City\' maxlength=\'4\' size=\'4\'> <input class=\'anwer-input-user answer2\' data-answer=\'&lt;&gt;\' maxlength=\'8\' size=\'8\'> <input class=\'anwer-input-user answer3\' data-answer=\'\'Berlin\'\' maxlength=\'8\' size=\'8\'>;</div><div><br></div><div><input type=\'hidden\' class=\'count-input\' value=\'4\'></div><script type=\'text/javascript\'>\r\n	$(\'.ab-show\').on(\'click\', function(){\r\n		check = $(\'.anwer-input-user\').val();\r\n		if (check == \'\') {\r\n			$(\'.anwer-input-user\').each(function(){\r\n				answer = $(this).attr(\'data-answer\');\r\n				$(this).val(answer);\r\n			});\r\n		} else {\r\n			$(\'.anwer-input-user\').each(function(){\r\n				$(this).val(\'\');\r\n			});\r\n		}\r\n	});\r\n</script>', '<div style=\"font-family:monospace\"> +---------+<br> |&nbsp;City&nbsp;&nbsp;&nbsp; |<br>+---------+<br> |&nbsp;Jakarta&nbsp;|<br>\r\n +---------+<br> <div>', 'yandy6man'),
(6, '<div class=\'q-learn\'>SQL</div><div class=\'q-title\'>Menampilkan Data</div><div class=\'q-regular\'>Pilih semua &nbsp;<b> records </b>&nbsp; di kolom CustomerID yang memiliki nilai 18<br></div>', 'SELECT * FROM Customers<br><div><input class=\'anwer-input-user answer0\' data-answer=\'WHERE\' maxlength=\'5\' size=\'5\'> CustomerID <input class=\'anwer-input-user answer1\' data-answer=\'=\' maxlength=\'1\' size=\'1\'> <input class=\'anwer-input-user answer2\' data-answer=\'23\' maxlength=\'2\' size=\'2\'>;</div><div><br></div><div><input type=\'hidden\' class=\'count-input\' value=\'3\'></div><script type=\'text/javascript\'>\r\n	$(\'.ab-show\').on(\'click\', function(){\r\n		check = $(\'.anwer-input-user\').val();\r\n		if (check == \'\') {\r\n			$(\'.anwer-input-user\').each(function(){\r\n				answer = $(this).attr(\'data-answer\');\r\n				$(this).val(answer);\r\n			});\r\n		} else {\r\n			$(\'.anwer-input-user\').each(function(){\r\n				$(this).val(\'\');\r\n			});\r\n		}\r\n	});\r\n</script>', '<div style=\"font-family:monospace\"> +----------+<br> |&nbsp;Customer|<br>|ID     |&nbsp;&nbsp;&nbsp;|<br>+----------+<br> |&nbsp;18&nbsp;                                                  |<br> +----------+<br> <div>', 'yandy6man'),
(7, '<div class=\'q-learn\'>SQL</div><div class=\'q-title\'>Menampilkan Data</div><div class=\'q-regular\'>Pilih semua &nbsp;<b> records </b>&nbsp; dari tabel &nbsp;<span class=\'q-code\'> Customer </span>&nbsp;, urutkan hasil menurut abjad berdasarkan kolom &nbsp;<span class=\'q-code\'> City </span>&nbsp;.<br></div>', 'SELECT * FROM Customers<br><div><input class=\'anwer-input-user answer0\' data-answer=\'ORDER BY\' maxlength=\'8\' size=\'8\'> <input class=\'anwer-input-user answer1\' data-answer=\'City\' maxlength=\'4\' size=\'4\'></div><div><br></div><div><input type=\'hidden\' class=\'count-input\' value=\'2\'></div><script type=\'text/javascript\'>\r\n	$(\'.ab-show\').on(\'click\', function(){\r\n		check = $(\'.anwer-input-user\').val();\r\n		if (check == \'\') {\r\n			$(\'.anwer-input-user\').each(function(){\r\n				answer = $(this).attr(\'data-answer\');\r\n				$(this).val(answer);\r\n			});\r\n		} else {\r\n			$(\'.anwer-input-user\').each(function(){\r\n				$(this).val(\'\');\r\n			});\r\n		}\r\n	});\r\n</script>', '<div style=\"font-family:monospace\">+---------+<br>|&nbsp;City&nbsp;&nbsp;&nbsp; |<br>+---------+<br> |&nbsp;Berlin&nbsp; |<br> |&nbsp;Jakarta&nbsp;|<br> +---------+<br> <div>', 'yandy6man'),
(8, '<div class=\'q-learn\'>SQL</div><div class=\'q-title\'>Menampilkan Data</div><div class=\'q-regular\'>Pilih semua &nbsp;<b> records </b>&nbsp; dari tabel &nbsp;<span class=\'q-code\'> Customer </span>&nbsp;, urutkan hasil menurut abjad terbalik berdasarkan kolom &nbsp;<span class=\'q-code\'> City </span>&nbsp;.<br></div>', 'SELECT * FROM Customers<br><div><input class=\'anwer-input-user answer0\' data-answer=\'ORDER BY\' maxlength=\'8\' size=\'8\'> <input class=\'anwer-input-user answer1\' data-answer=\'City\' maxlength=\'4\' size=\'4\'> <input class=\'anwer-input-user answer2\' data-answer=\'DESC\' maxlength=\'4\' size=\'4\'></div><div><br></div><div><input type=\'hidden\' class=\'count-input\' value=\'3\'></div><script type=\'text/javascript\'>\r\n	$(\'.ab-show\').on(\'click\', function(){\r\n		check = $(\'.anwer-input-user\').val();\r\n		if (check == \'\') {\r\n			$(\'.anwer-input-user\').each(function(){\r\n				answer = $(this).attr(\'data-answer\');\r\n				$(this).val(answer);\r\n			});\r\n		} else {\r\n			$(\'.anwer-input-user\').each(function(){\r\n				$(this).val(\'\');\r\n			});\r\n		}\r\n	});\r\n</script>', '<div style=\"font-family:monospace\">+---------+<br>|&nbsp;City&nbsp;&nbsp;&nbsp; |<br>+---------+<br>|&nbsp;Jakarta&nbsp;|<br>|&nbsp;Berlin&nbsp; |<br> +---------+<br> <div>', 'yandy6man'),
(9, '<div class=\'q-learn\'>SQL</div><div class=\'q-title\'>Menampilkan Data</div><div class=\'q-regular\'>Pilih semua &nbsp;<b> records </b>&nbsp; dari tabel &nbsp;<span class=\'q-code\'> Customer </span>&nbsp;, urutkan hasil menurut abjad, pertama oleh kolom &nbsp;<span class=\'q-code\'> Country </span>&nbsp;, kemudian oleh kolom &nbsp;<span class=\'q-code\'> City </span>&nbsp;<br></div>', 'SELECT * FROM Customers<br><div><input class=\'anwer-input-user answer0\' data-answer=\'ORDER BY\' maxlength=\'8\' size=\'8\'> <input class=\'anwer-input-user answer1\' data-answer=\'Country,\' maxlength=\'8\' size=\'8\'> <input class=\'anwer-input-user answer2\' data-answer=\'City\' maxlength=\'4\' size=\'4\'></div><div><br></div><div><input type=\'hidden\' class=\'count-input\' value=\'3\'></div><script type=\'text/javascript\'>\r\n	$(\'.ab-show\').on(\'click\', function(){\r\n		check = $(\'.anwer-input-user\').val();\r\n		if (check == \'\') {\r\n			$(\'.anwer-input-user\').each(function(){\r\n				answer = $(this).attr(\'data-answer\');\r\n				$(this).val(answer);\r\n			});\r\n		} else {\r\n			$(\'.anwer-input-user\').each(function(){\r\n				$(this).val(\'\');\r\n			});\r\n		}\r\n	});\r\n</script>', '<div style=\"font-family:monospace\">+------------+<br>|&nbsp;Country&nbsp;&nbsp;&nbsp;|<br>+------------+<br> |&nbsp;Jerman&nbsp;             |<br> |&nbsp;Indonesia&nbsp;|<br> +------------+<br> <div><br><div style=\"font-family:monospace\">+---------+<br>|&nbsp;City&nbsp;&nbsp;&nbsp; |<br>+---------+<br> |&nbsp;Berlin&nbsp; |<br> |&nbsp;Jakarta&nbsp;|<br> +---------+<br> <div>', 'yandy6man'),
(10, '<div class=\'q-learn\'>SQL</div><div class=\'q-title\'>Menambah Data</div><div class=\'q-regular\'>Menambah data di table &nbsp;<span class=\'q-code\'> Customer </span>&nbsp;<br></div>', '<div><input class=\'anwer-input-user answer0\' data-answer=\'INSERT INTO\' maxlength=\'11\' size=\'11\'> Customers <input class=\'anwer-input-user answer1\' data-answer=\'(\' maxlength=\'1\' size=\'1\'></div><div>CustomerName,&nbsp;</div><div>Address,&nbsp;</div><div>City,&nbsp;</div><div>Country <input class=\'anwer-input-user answer2\' data-answer=\')\' maxlength=\'1\' size=\'1\'></div><div>VALUES <input class=\'anwer-input-user answer3\' data-answer=\'(\' maxlength=\'1\' size=\'1\'></div><div>\'Ahmad\',</div><div>\'Jl. Asia Afrika\',</div><div>\'Bandung\',</div><div>\'Indonesia\' <input class=\'anwer-input-user answer4\' data-answer=\')\' maxlength=\'1\' size=\'1\'>;</div><div><br></div><div><input type=\'hidden\' class=\'count-input\' value=\'5\'></div><script type=\'text/javascript\'>\r\n	$(\'.ab-show\').on(\'click\', function(){\r\n		check = $(\'.anwer-input-user\').val();\r\n		if (check == \'\') {\r\n			$(\'.anwer-input-user\').each(function(){\r\n				answer = $(this).attr(\'data-answer\');\r\n				$(this).val(answer);\r\n			});\r\n		} else {\r\n			$(\'.anwer-input-user\').each(function(){\r\n				$(this).val(\'\');\r\n			});\r\n		}\r\n	});\r\n</script>', '<div style=\"font-family: monospace;\"> +-----------------------------------------------------+<br> |&nbsp;CustomerName&nbsp;|&nbsp;Address&nbsp;&nbsp;&nbsp;&nbsp;&nbsp;&nbsp;&nbsp;&nbsp;|&nbsp;City&nbsp;&nbsp;&nbsp;&nbsp;|&nbsp;Country&nbsp;&nbsp;&nbsp;|<br> +-----------------------------------------------------+<br> |&nbsp;Ahmad&nbsp;&nbsp;&nbsp;&nbsp;&nbsp;&nbsp;&nbsp;&nbsp;|&nbsp;Jl.Asia&nbsp;Afrika&nbsp;|&nbsp;Bandung&nbsp;|&nbsp;Indonesia&nbsp;|<br> +-----------------------------------------------------+<br></div>', 'yandy6man'),
(11, '<div class=\'q-learn\'>SQL</div><div class=\'q-title\'>Memperbarui Data</div><div class=\'q-regular\'>Perbarui semua &nbsp;<b> records </b>&nbsp; di kolom &nbsp;<span class=\'q-code\'> City </span>&nbsp; di tabel &nbsp;<span class=\'q-code\'> Customer </span>&nbsp;<br></div>', '<div><input class=\'anwer-input-user answer0\' data-answer=\'UPDATE\' maxlength=\'6\' size=\'6\'> Customer</div><div><input class=\'anwer-input-user answer1\' data-answer=\'SET\' maxlength=\'3\' size=\'3\'> City = \'Cianjur\'</div><div><br></div><div><input type=\'hidden\' class=\'count-input\' value=\'2\'></div><script type=\'text/javascript\'>\r\n	$(\'.ab-show\').on(\'click\', function(){\r\n		check = $(\'.anwer-input-user\').val();\r\n		if (check == \'\') {\r\n			$(\'.anwer-input-user\').each(function(){\r\n				answer = $(this).attr(\'data-answer\');\r\n				$(this).val(answer);\r\n			});\r\n		} else {\r\n			$(\'.anwer-input-user\').each(function(){\r\n				$(this).val(\'\');\r\n			});\r\n		}\r\n	});\r\n</script>', '<div style=\"font-family: monospace;\"> +---------+<br> |&nbsp;City&nbsp;&nbsp;&nbsp;&nbsp;|<br> +---------+<br> |&nbsp;Cianjur&nbsp;|<br> +---------+<br> </div>', 'yandy6man'),
(12, '<div class=\'q-learn\'>SQL</div><div class=\'q-title\'>Mengubah Data</div><div class=\'q-regular\'>Ubah nilai kolom &nbsp;<span class=\'q-code\'> City </span>&nbsp; ke \'Cianjur\', tetapi hanya di kolom &nbsp;<span class=\'q-code\'> Country </span>&nbsp; yang memiliki nilai \'&nbsp;<b> Indonesia </b>&nbsp;\'<br></div>', '<div><input class=\'anwer-input-user answer0\' data-answer=\'UPDATE\' maxlength=\'6\' size=\'6\'> Customers</div><div><input class=\'anwer-input-user answer1\' data-answer=\'SET\' maxlength=\'3\' size=\'3\'> City = \'Cianjur\'</div><div><input class=\'anwer-input-user answer2\' data-answer=\'WHERE\' maxlength=\'5\' size=\'5\'> Country = \'Indonesia\';</div><div><br></div><div><input type=\'hidden\' class=\'count-input\' value=\'3\'></div><script type=\'text/javascript\'>\r\n	$(\'.ab-show\').on(\'click\', function(){\r\n		check = $(\'.anwer-input-user\').val();\r\n		if (check == \'\') {\r\n			$(\'.anwer-input-user\').each(function(){\r\n				answer = $(this).attr(\'data-answer\');\r\n				$(this).val(answer);\r\n			});\r\n		} else {\r\n			$(\'.anwer-input-user\').each(function(){\r\n				$(this).val(\'\');\r\n			});\r\n		}\r\n	});\r\n</script>', '<div style=\"font-family: monospace;\"> +---------+<br> |&nbsp;City&nbsp;&nbsp;&nbsp;&nbsp;|<br> +---------+<br> |&nbsp;Cianjur&nbsp;|<br> +---------+<br> </div>', 'yandy6man'),
(13, '<div class=\'q-learn\'>SQL</div><div class=\'q-title\'>Mengubah Data</div><div class=\'q-regular\'>Perbarui nilai &nbsp;<span class=\'q-code\'> City </span>&nbsp; dan nilai &nbsp;<span class=\'q-code\'> Country </span>&nbsp; pada record yang mempunyai id &nbsp;<b> 20 </b>&nbsp;<br></div>', '<div><input class=\'anwer-input-user answer0\' data-answer=\'UPDATE\' maxlength=\'6\' size=\'6\'> Customers</div><div><input class=\'anwer-input-user answer1\' data-answer=\'SET\' maxlength=\'3\' size=\'3\'> City = \'Oslo\'<input class=\'anwer-input-user answer2\' data-answer=\',\' maxlength=\'1\' size=\'1\'></div><div><input class=\'anwer-input-user answer3\' data-answer=\'Country\' maxlength=\'7\' size=\'7\'> = \'Norway\'</div><div>WHERE CustomerID = 20;</div><div><br></div><div><input type=\'hidden\' class=\'count-input\' value=\'4\'></div><script type=\'text/javascript\'>\r\n	$(\'.ab-show\').on(\'click\', function(){\r\n		check = $(\'.anwer-input-user\').val();\r\n		if (check == \'\') {\r\n			$(\'.anwer-input-user\').each(function(){\r\n				answer = $(this).attr(\'data-answer\');\r\n				$(this).val(answer);\r\n			});\r\n		} else {\r\n			$(\'.anwer-input-user\').each(function(){\r\n				$(this).val(\'\');\r\n			});\r\n		}\r\n	});\r\n</script>', '<div style=\"font-family: monospace;\">Query OK, 1 row affected (0.07 sec)<br>+----------------+<br>|&nbsp;city&nbsp;|&nbsp;country&nbsp;|<br>+----------------+<br>|&nbsp;Oslo&nbsp;|&nbsp;Norway&nbsp;&nbsp;|<br>+----------------+</div>', 'yandy6man'),
(14, '<div class=\'q-learn\'>SQL</div><div class=\'q-title\'>Menghapus Data</div><div class=\'q-regular\'>Hapus semua &nbsp;<b> record </b>&nbsp; dari tabel &nbsp;<span class=\'q-code\'> Customer </span>&nbsp; di mana nilai &nbsp;<span class=\'q-code\'> Country </span>&nbsp; adalah \'Indonesia\'<br></div>', '<div><input class=\'anwer-input-user answer0\' data-answer=\'DELETE FROM\' maxlength=\'11\' size=\'11\'> Customer</div><div><input class=\'anwer-input-user answer1\' data-answer=\'WHERE\' maxlength=\'5\' size=\'5\'> Country = \'Indonesia\';</div><div><br></div><div><input type=\'hidden\' class=\'count-input\' value=\'2\'></div><script type=\'text/javascript\'>\r\n	$(\'.ab-show\').on(\'click\', function(){\r\n		check = $(\'.anwer-input-user\').val();\r\n		if (check == \'\') {\r\n			$(\'.anwer-input-user\').each(function(){\r\n				answer = $(this).attr(\'data-answer\');\r\n				$(this).val(answer);\r\n			});\r\n		} else {\r\n			$(\'.anwer-input-user\').each(function(){\r\n				$(this).val(\'\');\r\n			});\r\n		}\r\n	});\r\n</script>', '<div style=\"font-family: monospace;\"> Query OK, 1 row affected (0.07 sec) </div>', 'yandy6man'),
(15, '<div class=\'q-learn\'>SQL</div><div class=\'q-title\'>Fungsi SQL</div><div class=\'q-regular\'>Gunakan fungsi &nbsp;<span class=\'q-code\'> MIN </span>&nbsp; untuk memilih &nbsp;<b> record </b>&nbsp; dengan nilai terkecil dari kolom &nbsp;<span class=\'q-code\'> Price </span>&nbsp;<br></div>', '<div>SELECT <input class=\'anwer-input-user answer0\' data-answer=\'MIN(Price)\' maxlength=\'10\' size=\'10\'></div><div>FROM Products;</div><div><br></div><div><input type=\'hidden\' class=\'count-input\' value=\'1\'></div><script type=\'text/javascript\'>\r\n	$(\'.ab-show\').on(\'click\', function(){\r\n		check = $(\'.anwer-input-user\').val();\r\n		if (check == \'\') {\r\n			$(\'.anwer-input-user\').each(function(){\r\n				answer = $(this).attr(\'data-answer\');\r\n				$(this).val(answer);\r\n			});\r\n		} else {\r\n			$(\'.anwer-input-user\').each(function(){\r\n				$(this).val(\'\');\r\n			});\r\n		}\r\n	});\r\n</script>', '<div style=\"font-family: monospace;\"> +------------+<br> |&nbsp;min(price)&nbsp;|<br> +------------+<br> |&nbsp;100000&nbsp;&nbsp;&nbsp;&nbsp;&nbsp;|<br> +------------+ </div>', 'yandy6man'),
(16, '<div class=\'q-learn\'>SQL</div><div class=\'q-title\'>Fungsi SQL</div><div class=\'q-regular\'>Gunakan fungsi &nbsp;<span class=\'q-code\'> MAX </span>&nbsp; untuk memilih &nbsp;<b> record </b>&nbsp; dengan nilai terbesar dari kolom &nbsp;<span class=\'q-code\'> Price </span>&nbsp;<br></div>', '<div>SELECT <input class=\'anwer-input-user answer0\' data-answer=\'MAX(Price)\' maxlength=\'10\' size=\'10\'></div><div>FROM Products;</div><div><br></div><div><input type=\'hidden\' class=\'count-input\' value=\'1\'></div><script type=\'text/javascript\'>\r\n	$(\'.ab-show\').on(\'click\', function(){\r\n		check = $(\'.anwer-input-user\').val();\r\n		if (check == \'\') {\r\n			$(\'.anwer-input-user\').each(function(){\r\n				answer = $(this).attr(\'data-answer\');\r\n				$(this).val(answer);\r\n			});\r\n		} else {\r\n			$(\'.anwer-input-user\').each(function(){\r\n				$(this).val(\'\');\r\n			});\r\n		}\r\n	});\r\n</script>', '<div style=\"font-family: monospace;\"> +------------+<br> |&nbsp;max(price)&nbsp;|<br> +------------+<br> |&nbsp;450000&nbsp;&nbsp;&nbsp;&nbsp;&nbsp;|<br> +------------+ </div>', 'yandy6man'),
(17, '<div class=\'q-learn\'>SQL</div><div class=\'q-title\'>Fungsi SQL</div><div class=\'q-regular\'>Gunakan fungsi untuk mengembalikan jumlah &nbsp;<b> record </b>&nbsp; yang memiliki nilai &nbsp;<span class=\'q-code\'> Price </span>&nbsp; 18<br></div>', '<div>SELECT <input class=\'anwer-input-user answer0\' data-answer=\'COUNT\' maxlength=\'5\' size=\'5\'>(*)</div><div>FROM Products</div><div><input class=\'anwer-input-user answer1\' data-answer=\'WHERE\' maxlength=\'5\' size=\'5\'> Price = 18;</div><div><br></div><div><input type=\'hidden\' class=\'count-input\' value=\'2\'></div><script type=\'text/javascript\'>\r\n	$(\'.ab-show\').on(\'click\', function(){\r\n		check = $(\'.anwer-input-user\').val();\r\n		if (check == \'\') {\r\n			$(\'.anwer-input-user\').each(function(){\r\n				answer = $(this).attr(\'data-answer\');\r\n				$(this).val(answer);\r\n			});\r\n		} else {\r\n			$(\'.anwer-input-user\').each(function(){\r\n				$(this).val(\'\');\r\n			});\r\n		}\r\n	});\r\n</script>', '<div style=\"font-family: monospace;\"> +----------+<br> |&nbsp;count(*)&nbsp;|<br> +----------+<br> |&nbsp;&nbsp;&nbsp;&nbsp;&nbsp;&nbsp;&nbsp;&nbsp;8&nbsp;|<br> +----------+ </div>', 'yandy6man'),
(18, '<div class=\'q-learn\'>SQL</div><div class=\'q-title\'>Fungsi SQL</div><div class=\'q-regular\'>Gunakan fungsi SQL untuk menghitung harga rata-rata semua produk<br></div>', '<div>SELECT <input class=\'anwer-input-user answer0\' data-answer=\'AVG(Price)\' maxlength=\'10\' size=\'10\'></div><div>FROM Products;</div><div><br></div><div><input type=\'hidden\' class=\'count-input\' value=\'1\'></div><script type=\'text/javascript\'>\r\n	$(\'.ab-show\').on(\'click\', function(){\r\n		check = $(\'.anwer-input-user\').val();\r\n		if (check == \'\') {\r\n			$(\'.anwer-input-user\').each(function(){\r\n				answer = $(this).attr(\'data-answer\');\r\n				$(this).val(answer);\r\n			});\r\n		} else {\r\n			$(\'.anwer-input-user\').each(function(){\r\n				$(this).val(\'\');\r\n			});\r\n		}\r\n	});\r\n</script>', '<div style=\"font-family: monospace;\"> +--------+<br> |&nbsp;Price&nbsp;&nbsp;|<br> +--------+<br> |&nbsp;782.48&nbsp;|<br> +--------+ </div>', 'yandy6man'),
(19, '<div class=\'q-learn\'>SQL</div><div class=\'q-title\'>Fungsi SQL</div><div class=\'q-regular\'>Gunakan fungsi SQL untuk menghitung jumlah semua nilai kolom &nbsp;<span class=\'q-code\'> Price </span>&nbsp; dalam tabel &nbsp;<span class=\'q-code\'> Product </span>&nbsp;<br></div>', '<div>SELECT <input class=\'anwer-input-user answer0\' data-answer=\'SUM(Price)\' maxlength=\'10\' size=\'10\'></div><div>FROM Products;</div><div><br></div><div><input type=\'hidden\' class=\'count-input\' value=\'1\'></div><script type=\'text/javascript\'>\r\n	$(\'.ab-show\').on(\'click\', function(){\r\n		check = $(\'.anwer-input-user\').val();\r\n		if (check == \'\') {\r\n			$(\'.anwer-input-user\').each(function(){\r\n				answer = $(this).attr(\'data-answer\');\r\n				$(this).val(answer);\r\n			});\r\n		} else {\r\n			$(\'.anwer-input-user\').each(function(){\r\n				$(this).val(\'\');\r\n			});\r\n		}\r\n	});\r\n</script>', '<div style=\"font-family: monospace;\"> +--------+<br> |&nbsp;Price&nbsp;&nbsp;|<br> +--------+<br> |&nbsp;157800&nbsp;|<br> +--------+ </div>', 'yandy6man'),
(20, '<div class=\'q-learn\'>SQL</div><div class=\'q-title\'>Menampilkan LIKE</div><div class=\'q-regular\'>Pilih semua &nbsp;<b> record </b>&nbsp; di mana nilai kolom &nbsp;<span class=\'q-code\'> City </span>&nbsp; dimulai dengan huruf \'a\'<br></div>', '<div>SELECT * FROM Customer</div><div><input class=\'anwer-input-user answer0\' data-answer=\'WHERE City LIKE \'a%\'\' maxlength=\'20\' size=\'20\'>;</div><div><br></div><div><input type=\'hidden\' class=\'count-input\' value=\'1\'></div><div class=\'answer-alert\'></div>\r\n<style type=\'text/css\'>\r\n	.answer-alert {\r\n		position: fixed;\r\n		width: 100%;\r\n		height: 100%;\r\n		top: 0;\r\n		left: 0;\r\n		z-index: 99;\r\n		background: rgba(0,0,0,0.7);\r\n		display: grid;\r\n		align-items: center;\r\n		justify-content: center;\r\n		font-family: arial;\r\n		font-size: 50px;\r\n		color: #FFF;\r\n		user-select: none;\r\n	}\r\n</style>\r\n<script type=\'text/javascript\'>\r\n	$(\'.ab-show\').on(\'click\', function(){\r\n		check = $(\'.anwer-input-user\').val();\r\n		if (check == \'\') {\r\n			$(\'.anwer-input-user\').each(function(){\r\n				answer = $(this).attr(\'data-answer\');\r\n				$(this).val(answer);\r\n			});\r\n		} else {\r\n			$(\'.anwer-input-user\').each(function(){\r\n				$(this).val(\'\');\r\n			});\r\n		}\r\n	});\r\n\r\n	$(\'.answer-alert\').hide();\r\n	$(\'.ab-run\').on(\'click\', function(){\r\n		$(\'.anwer-input-user\').each(function(){\r\n			realAnswer = $(this).attr(\'data-answer\');\r\n			userAnswer = $(this).val();\r\n			if (realAnswer == userAnswer) {\r\n				$(\'.answer-alert\').html(\'Jawaban Benar!\').css({\'color\':\'#4caf04\'}).fadeIn();\r\n			} else {\r\n				$(\'.answer-alert\').html(\'Jawaban Salah!\').css({\'color\':\'#f44336\'}).fadeIn();\r\n			}\r\n		})\r\n	});\r\n	$(\'.answer-alert\').on(\'click\', function(){\r\n		$(\'.answer-alert\').fadeOut();\r\n	});\r\n</script>', '<div style=\"font-family: monospace;\">+-----------+<br>|&nbsp;City&nbsp;&nbsp;&nbsp;&nbsp;&nbsp;&nbsp;|<br>+-----------+<br>|&nbsp;amsterdam&nbsp;|<br>|&nbsp;ambon&nbsp;&nbsp;&nbsp;&nbsp;&nbsp;|<br>|&nbsp;asgard&nbsp;&nbsp;&nbsp;&nbsp;|<br>+-----------+</div>', 'yandy6man');

-- --------------------------------------------------------

--
-- Struktur dari tabel `users`
--

CREATE TABLE `users` (
  `id_user` varchar(20) NOT NULL,
  `username` varchar(25) NOT NULL,
  `password` varchar(25) NOT NULL,
  `email` varchar(30) NOT NULL,
  `role` varchar(15) NOT NULL
) ENGINE=InnoDB DEFAULT CHARSET=latin1;

--
-- Dumping data untuk tabel `users`
--

INSERT INTO `users` (`id_user`, `username`, `password`, `email`, `role`) VALUES
('USER-00002', 'asep', '1', 'asepsunarya839@gmail.com', 'admin'),
('USER-00004', 'kakvita', '1', 'email@email', 'user'),
('USER-00003', 'ramadhan', '1', 'dwilesmana@gmail.com', 'user'),
('USER-00005', 'vita', '1', 'email@email', 'user'),
('USER-00001', 'yandi', '1', 'yandy.rhm@gmail.com', 'admin');

--
-- Indexes for dumped tables
--

--
-- Indeks untuk tabel `css_quest`
--
ALTER TABLE `css_quest`
  ADD PRIMARY KEY (`id_quest`);

--
-- Indeks untuk tabel `html_quest`
--
ALTER TABLE `html_quest`
  ADD PRIMARY KEY (`id_quest`);

--
-- Indeks untuk tabel `js_quest`
--
ALTER TABLE `js_quest`
  ADD PRIMARY KEY (`id_quest`);

--
-- Indeks untuk tabel `sql_quest`
--
ALTER TABLE `sql_quest`
  ADD PRIMARY KEY (`id_quest`);

--
-- Indeks untuk tabel `users`
--
ALTER TABLE `users`
  ADD PRIMARY KEY (`username`);
COMMIT;

/*!40101 SET CHARACTER_SET_CLIENT=@OLD_CHARACTER_SET_CLIENT */;
/*!40101 SET CHARACTER_SET_RESULTS=@OLD_CHARACTER_SET_RESULTS */;
/*!40101 SET COLLATION_CONNECTION=@OLD_COLLATION_CONNECTION */;
